"","Comuna","subsidiada","decil","escolaridad","ingreso","mater_aceptable","sanea_aceptable","calidad_aceptable","sin_allega_int","sin_allega_ext","sin_hacina"
"1","Iquique",-0.00691476707355275,-0.833333333333333,0.0917562656140593,0.129988557998294,0.0812465876573654,-0.048473834018533,0.02497636878098,0.00658068876692172,-0.0320540338520687,0.0219530321860358
"2","Alto Hospicio",0.132007912379223,1,0.0449866851834348,0.158727364730201,0.282258813998074,-0.0177274938464667,0.246663453107387,-0.1532166128082,-0.0498201064918842,0.114717443155867
"3","Pozo Almonte",-0.390755476047719,0.333333333333333,0.0916036862855315,0.3592684178235,0.250309263914733,-0.138811286823464,0.0410001206658567,0.0190533393683536,0.0221935481988786,-0.149820194960939
"4","Camiña",0.0479202196407132,-0.75,0.241999107794231,0.601454653970258,3.48346398824106,-0.372185145574801,0.874543080939948,-0.118923076923077,0,0.284630363778831
"5","Huara",0.894840880336836,0,0.240370276700085,0.371889951685021,1.51152193938938,0.0267885120902459,0.573360616860678,-0.135204101548946,0.00631499517885357,0.0518018496092091
"6","Pica",-0.828330541333396,-0.444444444444445,0.140897928069483,0.327342299812502,0.0862321539113319,-0.0567103796065888,0.187227882236208,-0.00475584195714488,-0.0781413798445389,0.235138230031323
"7","Antofagasta",0.069258736112945,-0.4,0.124966069539362,0.0648580351208396,0.116837388801045,-0.0952517135286439,0.000658207196830582,0.38846683668443,-0.102326104053251,0.065345100449188
"8","Mejillones",-0.0247193089161237,0,0.036460122801379,-0.0932811135719728,0.215129303726598,-0.0285384333305845,0.167315468659789,0.142902363749919,-0.0229649549459852,0.101067429477226
"9","Sierra Gorda",1.23591836734694,2,0.0755154770626308,-0.324737691621372,0.558165314337116,-0.00307078966845603,0.498979843047588,0.533143739798656,0.0245033959451617,0.114819653257723
"10","Taltal",0.873223034495933,0,0.0585793886607632,-0.240184798652495,0.348517734414215,-0.0125333358585359,0.370325312753348,-0.118840083080678,0.137011779293242,0.328334816203415
"11","Calama",0.462584809421921,2,0.097679276254767,-0.137271473065543,0.215264633540371,-0.00294214104092171,0.172606064996925,0.441940070370585,-0.0318117086640499,0.129403049389853
"12","San Pedro de Atacama",8.44693956919371,-0.833333333333333,0.132178726356447,-0.306807365745044,3.30342859494834,0.0242377375605434,1.74003698806875,0.484632985180243,0.0117729157601934,0.131988581030438
"13","Tocopilla",0.373591610235118,1,0.0728619072352365,-0.280996187429806,0.301460882053508,-0.167923525908421,0.0248520966145043,0.273913188088385,-0.0725240548965038,0.0740713434383424
"14","Copiapó",-0.11561351442885,0.5,0.0713442395367755,0.0821696965328803,0.0880533769252957,0.0113426492607268,0.125211816108116,0.128465380436825,-0.0691333378022042,0.102148104791109
"15","Caldera",0.669206542561709,0,0.0852166220303734,-0.151079688237713,0.31173204596822,-0.00803481754268498,0.241368802160807,0.292240776292174,-0.00482089052561097,0.00712802428608955
"16","Tierra Amarilla",0.879921650111961,-0.714285714285714,0.0639134210066882,0.239252243009619,1.06215151692406,-0.0231270116572883,0.526190640314856,0.0320931570822503,0.00428785874675844,0.230126446848812
"17","Chañaral",2.30217158754719,-0.333333333333333,0.102804790479463,-0.0669716231130289,0.152323004467682,0.00739777253881797,0.158321616607116,0.0807368456320631,0.000321310522698363,0.190322158048324
"18","Diego de Almagro",0.435008585310129,0.166666666666667,0.0497185904938587,-0.0259668691762543,0.269335567846496,0.000480919710563488,0.306902669145419,0.100177197094943,-0.0128189476254426,0.0828384186608762
"19","Vallenar",0.420338586870443,0,0.0510709060591689,0.185779969827962,0.172087431998481,-0.0431382170691193,0.171681607550339,-0.0917573510497698,-0.186410258763753,0.101316342946532
"20","Alto del Carmen",0.217518758809386,1,-0.0930351386332325,0.106927216215645,1.01314276577848,0.092065336976967,1.52026672660523,0.103030862596608,-0.137640210066056,0.147323661830915
"21","Freirina",0.232568586758453,-0.25,0.101052983759936,0.286908556815799,0.0098411908906811,-0.17305760343735,-0.0315182645712086,-0.311841685285669,-0.00163043610569432,0.0124395873020847
"22","Huasco",0.389666749478318,0.333333333333333,0.0540422290841743,-0.124841016522496,0.240448335221566,-0.0437277982590279,0.172508377040725,0.224624408299213,-0.267811489546772,0.0371250302936499
"23","La Serena",-0.158104942072654,0,0.113358428242516,0.430731185116819,0.126132737700521,-0.044264241945901,0.0210514876159078,-0.0412245765520116,-0.100842327584773,0.0281908818492955
"24","Coquimbo",0.112283252712602,0.5,0.0301229707706383,-0.391798489998076,0.137774302445599,-0.0151900692482874,0.0631248462535577,0.0936134822454657,-0.157451550557384,0.0255231515014887
"25","Andacollo",-0.354444853315378,-0.5,0.103323442137372,-0.244260899226786,0.562402996685447,-0.0546365951431067,0.304342791013643,-0.0402968839276358,-0.15579127510012,0.102536039263104
"26","La Higuera",-0.164091349399712,-0.75,0.330205424859898,-0.108375723211323,0.334672032956142,-0.0473424741609815,0.245876734948217,-0.211881444958791,0,-0.00165149096360859
"27","Vicuña",0.0269297044587495,0,0.0150047149524002,-0.146320820218155,0.100053632824986,-0.0281122522891197,-0.00436645068800293,0.147735357516472,0.0433403369999588,0.0468618028709951
"28","Illapel",0.116147580885351,-0.6,0.112161476786636,-0.0154683379975523,0.0390878916881925,0.0545935836530566,0.0509337474172619,0.0235734702550736,-0.0339890402920502,-0.019572968592941
"29","Canela",-0.0702088522454644,-0.5,0.0520904542249997,-0.0137816746031114,0.328600374812338,-0.000201213351353344,0.0293523218254532,0.157154848332241,-0.0192288034577924,0.230326653404226
"30","Los Vilos",-0.296481635789113,-0.166666666666667,-0.027106537611728,-0.00401228889554901,-0.043813730733271,-0.160017676457017,-0.163847525944068,-0.0553905718929175,0.0083826981110987,0.158086767622173
"31","Salamanca",-0.195275687094294,1,0.110089146086017,0.24480630677802,0.0530310255903279,-0.14885773734209,0.0453471688895332,-0.0751687127273784,-0.0695825913217217,-0.0247490273544167
"32","Ovalle",0.251726387492303,-0.5,0.133125062836299,0.398312430426243,0.463257573345608,-0.014713806745954,0.242426301373896,-0.0716989255510725,0.115429700216201,0.193652731603383
"33","Combarbalá",0.22466933083824,-0.75,0.119752846834458,0.229048011622777,1.02033681955619,0.019980732134468,0.60734481115303,-0.140616920060788,-0.0104853758057515,0.0893938045926088
"34","Monte Patria",0.050855787370844,1.5,0.130721988886371,0.0427507840424284,0.415995345354121,0.0787402527200775,0.225545971691041,-0.17375504287293,-0.0178195755715729,0.206633773243694
"35","Punitaqui",-0.0446195260962599,-0.5,0.0528571334969092,-0.186747413310189,0.226787418388972,-0.222768548178368,0.00465708868876181,0.08212756166573,0,0.107243234425116
"36","Río Hurtado",-0.160694345448005,-0.333333333333333,0.131044520659006,-0.0231213734364768,0.726822714609316,-0.126132896037024,0.797183835845896,0.225908398422465,-0.0423452260081788,-0.0228179611970614
"37","Valparaíso",1.06383480030578,-0.666666666666667,0.114043067866689,-0.174542412612377,0.200533940381159,-0.0109757962164018,0.367060967036425,0.0966604353877674,-0.011789069183011,0.043150746880055
"38","Casablanca",-0.239253392064661,-0.166666666666667,0.125721804879528,0.225564451630666,0.43809023227898,0.0449151367459571,0.457934896168541,-0.0553905935435335,-0.0186821678753657,0.0738526628019226
"39","Concón",0.463115352896784,4,0.0448493303802642,-0.140895738021998,0.0804040806351674,-0.0516780006383031,0.0500322365288649,-0.132851748529397,-0.0130306546959791,-0.0290576639815934
"40","Puchuncaví",3.05902159777146,2.5,0.0318183343298302,-0.109154150334635,0.249475529753845,0.00931317675553004,0.128894077638582,0.0328947910489156,0.00853429882976665,0.00207633368396933
"41","Quintero",0.521885129330377,-0.25,0.151274126907198,0.277287085453348,0.47248737524632,0.00325432059263519,0.141803329520923,0.139687893957696,-0.0599945835020127,0.217678845376481
"42","Viña del Mar",-0.212422860381081,-0.7,0.108195540216959,0.56423048738925,0.162456083457212,0.0703530422617383,0.16537965202852,-0.00909821666643998,0.00139795499597974,0.0578214523694142
"43","Los Andes",-0.153656747192887,0.428571428571428,0.0385254654537044,-0.256064619116656,0.0368919610146332,0.00581412431457183,0.0453029504910958,0.0998005546208904,-0.023431991464366,0.117928614489809
"44","Calle Larga",0.140545144804089,1,0.0651665298826232,-0.269724981662064,0.202474902030555,0.111077775596548,0.223927322366435,0.0372447516261604,0.0150905104960921,0.0247835340293559
"45","Rinconada",0.19753946310429,0.5,0.092408068300324,-0.152658811926459,0.581539602437547,0.124721478681374,0.494283494416515,-0.061646875811994,0.00184505480759507,0.163002841333931
"46","San Esteban",-0.211856567210104,1,0.0806215536415279,-0.233667995767217,0.0338243402924408,0.128607488017871,0.210414616243817,0.0442956284889953,0.0131154890274209,-0.000980655158442245
"47","La Ligua",-0.0307251359820981,1,0.110740431364835,0.170136691160228,0.401195735751893,0.0888719695927036,0.390500983645674,0.0255143997653021,0.000840426607208244,0.0449391717508801
"48","Cabildo",-0.35184038425773,4,0.155071644729568,0.0704490521248474,0.260384191907377,-0.0447815352073136,0.186923075439344,0.323083721595944,-0.0253027983107447,0.0575459008886188
"49","Papudo",0.0340530036161596,4,0.168491217181874,0.182248419095638,0.183722856969066,0.0443402259646131,0.158327890876944,0.237605712240894,0.0199875078076202,0.154655851687188
"50","Petorca",0.0805518954864586,0,0.165319537373644,-0.0683335681954945,0.515472558005004,0.0103757881339646,0.455219955357208,-0.0681884698869949,0.0131624672352877,0.172648637764917
"51","Zapallar",0.403612261458147,0.666666666666667,0.0875852734980365,-0.0189230450124693,0.546130481136577,-0.0697573526778473,0.227112515292787,0.0109138119488566,0.0128283683698888,0.0977588156459801
"52","Quillota",0.151487488918056,2,0.102835255180661,0.199435608397425,-0.0109161151779301,-0.00422538827961028,0.0261763027151559,-0.0563397018588281,-0.0131434016977676,0.0204293722735786
"53","Hijuelas",0.206720197251903,-0.5,0.0760248016118598,-0.0155622553066792,0.171771297639374,0.149874476731461,0.13535112211617,-0.0545973640862675,0.0208471211118464,0.101697450670295
"54","La Cruz",0.219724619961883,0.666666666666667,0.0370337158336705,-0.086072500781008,0.29759774460463,0.0606682719262381,0.290771005863507,-0.00646437487851396,-0.0696400803584639,0.0194184858864312
"55","Nogales",1.08658771112816,1.5,-0.0384099816212292,0.105901095437931,0.294710528537189,-0.0143803190084766,0.134403778528853,-0.303894070757646,-0.0174386522332044,-0.0195145038965811
"56","San Antonio",-0.246489527962794,0.5,0.0694926070894124,0.0832900436898342,0.0810383288307315,-0.000316979544386603,0.0939864532100987,-0.176991927776238,0.0266607107182314,0.0661065126334969
"57","Algarrobo",-0.514850467961823,-0.5,0.197776982830251,0.295388471258641,0.0452735706475349,0.0189139031961254,0.0632842211596111,0.224343211654549,0.0243677001932611,0.040037935621631
"58","Cartagena",0.134854528897049,-0.75,0.144019906610239,0.164203069758046,0.109165949367894,0.0313302874184238,0.0191145802056194,0.0443679472289482,0.0350730136321525,0.0841910563437015
"59","El Quisco",-0.255208210806336,0.333333333333333,0.14976312266504,-0.093060247572432,-0.0185307718542594,-0.0155242883352781,0.00798571337565825,0.106334923889949,0,0.0585339240703841
"60","El Tabo",0.69850313809566,0.25,0.261759585134567,0.308399900050233,0.145821893518201,0.0442672820727998,0.162552160826254,-0.0510412931388045,0.0418628990057561,0.0426258024944653
"61","Santo Domingo",-0.233337754352812,-0.6,0.131771705116832,-0.0394952598995242,-0.0523023303477548,-0.0184776166513327,-0.0609604804258513,0.0799591185403511,-0.0427258967255289,-0.00842180174282364
"62","San Felipe",-0.0734820246955773,-0.6,0.0840538098851723,0.118524546523004,0.0405715405685156,-0.0380047809574141,-0.0484153593873799,0.0865057895837541,-0.0214414610355546,0.0948234016648559
"63","Catemu",0.280402252610692,0,0.0211423335127181,-0.179337328346346,0.144255452356371,-0.160323879695881,-0.0708205269004306,0.0958821462325079,-0.0736292332899595,-0.104816735773759
"64","Panquehue",0.150004939125619,0.333333333333333,0.109864367756436,0.052408283877031,-0.171281569713373,-0.173472560452328,-0.119382807029357,0.0841898868573344,-0.0899638892684965,0.0732002482733918
"65","Putaendo",-0.186782287380718,1.5,0.0467980238270105,-0.234790837720715,-0.0551982277230704,-0.0743271356160524,-0.110126794128262,-0.0703228618757949,-0.0308673089728288,0.0158555077840052
"66","Santa María",-0.194051239216403,0,0.0276221138739801,-0.118262120510261,0.271525721491364,-0.137915378389803,-0.0498868843043887,-0.00970243336180651,-0.143110585452395,0.0762209455412936
"67","Quilpué",-0.0123178021255869,1,0.0637226909490295,0.356350248296489,-0.00762439995003225,-0.0029019674204274,-0.00731702317645825,0.0148709261739514,-0.00615878387287085,0.0170755541658453
"68","Limache",0.398089301229252,1,0.0418684870103748,0.0731812840300449,0.254988563577965,0.0193846268872268,0.158672430422332,-0.022810411675758,-0.0546118553237737,0.00722054131397894
"69","Olmué",-0.572948145885382,0,0.0757681826989322,0.325015595077595,0.245738877953264,-0.112469068577666,-0.0611699404900538,-0.00853223209911121,0.00671613150825128,0.11004981894927
"70","Villa Alemana",-0.370778158632304,-0.625,0.0745570564200321,0.31611852673486,-0.026235713130414,0.00298430459410516,-0.0553024156676685,0.0200010996157741,-0.0206679275614104,0.0738743640044454
"71","Rancagua",-0.00326794866256056,0.111111111111111,0.0571723868303695,-0.275798325211377,-0.0301457839951623,0.024663337461917,-0.00393876838957849,0.216903506718334,0.0160670353096563,0.0437852685238548
"72","Codegua",-0.257018421185331,0.2,-0.0454827730601462,0.250271876910703,0.278248328252486,0.0425948560697005,0.194821683769561,0.111198807304655,0.0739661330672916,0.119318113556703
"73","Coinco",0.520349198522954,0,0.0579329780805727,-0.0929417800431159,0.0567506255605547,0.0015121401464357,-0.121528187583726,-0.0456665742731815,0.0245818629677746,-0.0716654523133732
"74","Coltauco",-0.122010593906183,0,0.0323645626542902,-0.133816346215928,0.128162806357945,-0.0748869714312851,-0.0516152276867039,-0.115923736506189,0.00440973374897127,0.0260532706803307
"75","Doñihue",0.744429642024335,-0.2,0.0801330997628329,-0.0365763547968404,0.247689819454072,0.0819006553374522,0.127012741796641,0.284825233793079,0.105021498153885,0.0157201049376444
"76","Graneros",-0.0613107122495046,0,0.0612803778904162,0.146418007905792,-0.0476281890787967,0.0276293128846425,-0.0362274855882812,-0.0523512981335363,0.0484028431574208,0.0234468859900086
"77","Las Cabras",0.450332341808823,0.333333333333333,0.149796333436659,-0.0859183257017037,0.49459819780043,0.32518739003379,0.531745537503896,0.00477438051828499,0.00399441202540138,-0.0142173764164233
"78","Machalí",-0.181199477981303,-0.6,0.154877908068048,0.486246627375906,0.408368969109652,0.152133082846729,0.312120421623104,0.0683233934711901,0.183543344303804,0.0548025880687211
"79","Malloa",-0.0872320964073522,0,0.189894397251209,-0.206487064863677,0.632688183500214,0.439216315064156,0.649509526979198,0.256631553559854,-0.0172222199556949,0.224443566301474
"80","Mostazal",0.761597117846884,3,0.129206276460016,-0.056609586462622,0.457722786443404,0.0295521540113263,0.367214453212077,0.189110855592196,-0.00562570445942427,0.0187408563942376
"81","Olivar",-0.0450160425119316,-0.666666666666667,0.124457627481536,0.403608278714751,0.130484880470685,0.140963603340515,0.312640304990955,0.0444008149171607,0.0259565898411278,0.00715782714576872
"82","Peumo",0.31328747462807,0.5,0.136211655722126,0.132365379022316,-0.0338426769077702,-0.0810626895382965,-0.0269238768913014,-0.144060527192618,-0.111492256458,0.0800418238364518
"83","Pichidegua",-0.140145746037876,0,0.0486206960952093,-0.0424852114860433,0.402321109718808,0.0636111933812672,0.225060680439012,0.143735650326113,-0.0475307088446744,0.230895735651077
"84","Quinta de Tilcoco",0.0309930244638027,1,0.0985131532561951,0.535092689081502,0.195383157678232,0.0587349220790533,0.19959783704021,0.0465592994802702,-0.046451145871946,0.00217074007603924
"85","Rengo",0.193154646017657,-0.6,-0.0153902121094371,-0.0164100156977845,0.0883973620476493,-0.00750267247391616,0.0340739620291879,-0.104007278256506,0.00923674776052959,0.051896721280945
"86","Requínoa",-0.306879132740386,0.333333333333333,0.138865945291601,0.297756256520758,0.199324283290634,0.0499841220292536,0.282003264540093,-0.168193132538823,-0.00214840035743162,0.0596456144984021
"87","San Vicente",0.116410708245127,0,0.152963680627919,0.148096419808577,0.302254563387194,-0.0733528908018593,0.113625015411258,-0.0185010132185882,-0.0799535617367495,0.100423717457192
"88","Pichilemu",0.426459794253378,-0.7,0.166871770595799,0.663604796898208,0.365681233933162,0.00486845460146604,0.148038557334478,0.0367243516754439,0.118688681502752,0.153087231768478
"89","La Estrella",0.0147222913527306,0,-0.0499317130974784,-0.0109491882651205,0.438937700955745,0.0165467833257763,0.318830198626959,0.036180720517701,-0.00499103756144392,0.217278285900763
"90","Litueche",-0.0400917781213401,-0.714285714285714,0.192905816840899,0.417925604691742,0.345845276763848,0.10627010397544,0.318222547457391,-0.0542497632900011,-0.0400590732877977,0.0598553313872852
"91","Marchihue",0.096748238783834,-0.333333333333333,0.0165833789303324,-0.110844357483573,0.292500270125584,0.0829419440731603,0.124363695440269,0.0813058714415413,-0.031213446872222,0.0672012985003587
"92","Navidad",-0.0872565821582414,0,0.00804956732584409,-0.37458405391464,-0.0339627516343587,-0.00735818120481155,0.11326282808949,-0.162178949083292,0.004419075676671,-0.117684309956262
"93","Paredones",1.01736648066959,0,0.241038546260403,0.535532334383834,0.607204001845144,0.127901116489895,0.177913683816384,-0.0614770029281662,0.0699054032387366,-0.0832603229736385
"94","San Fernando",0.565991141941758,-0.833333333333333,0.119362011038263,-0.134360228643328,0.103195571094553,0.0999179609069156,0.148881176663324,0.000246772699442194,0.0334423176592894,0.0249736677334868
"95","Chépica",0.204690536364698,0,0.112636846322714,-0.0634070722953346,0.792537132780617,0.143010874961137,0.447543027763274,-0.0180464904387638,0.0162672287028647,-0.0499712239724962
"96","Chimbarongo",0.509160467479546,0,0.153118124855665,0.166800700919157,0.677758286992832,0.0534773404413618,0.356646145607163,-0.114902702415975,0.0586894190378999,0.127821032279575
"97","Lolol",0.369100716360241,-0.5,0.142603610982748,0.000374621953219741,1.2458008642844,0.297615488158821,0.745180929152054,0.0718846276981473,0.0466625407514444,0.0405651061177824
"98","Nancagua",-0.0613129363693398,-0.333333333333333,0.0770095482753625,0.233631803397822,0.456186446156689,0.0608575696982853,0.379134202779157,-0.134503119082787,0.00482721615958816,0.097424456528788
"99","Palmilla",0.189685671801172,-0.25,0.00105988151281841,0.389701286555579,0.435155859163,0.147378514736847,0.466483299532314,-0.31267785186244,0.0626469412154657,0.00697003868158031
"100","Peralillo",-0.232955772364107,-0.75,0.154364084701293,0.210889535193042,0.430040710263533,0.0478229629854921,0.313929388941865,0.0140116613242461,0.0893900312043341,0.0910525168615205
"101","Placilla",-0.0769761997585273,1,0.0953150037153328,0.0334009396878168,0.400862120068917,-0.0804811443298767,0.084280192104955,0.0290845786871101,0.012896348620229,0.0715957961240697
"102","Pumanque",-0.0191985204303451,-0.5,0.219855252653696,0.87148188576218,1.40174759238835,0.591654361441425,0.928522099447514,0.0698708738450952,0.0196837689577283,0.0655833941090655
"103","Santa Cruz",0.132534525220642,-0.333333333333333,0.158282597012699,0.501346550410037,0.412417825953192,0.0730537225346175,0.385429085902096,-0.0639912618842008,-0.0257899956461707,0.0659395382698884
"104","Talca",0.174625111506798,-0.444444444444445,0.117639293611016,0.24218919444501,0.125180243674394,0.0057855609873896,0.0770400357521113,-0.00298739839515974,-0.0317165634717064,0.0331711324902623
"105","Constitución",-0.112639850797633,-0.25,0.0629345545223812,0.253891569311195,0.273855088902944,0.127973510255274,0.227917588198774,-0.197182205965074,-0.00883462718939261,0.0499610515780585
"106","Curepto",1.98648325597147,-0.666666666666667,0.0843284623515018,-0.0846128476135126,3.28400837785157,0.201637770987689,0.448531132032313,0.0242353042308979,0.0364931506849315,0.0147868840557877
"107","Empedrado",0.53491224930689,-0.666666666666667,0.0481571995202473,0.384355669138474,1.47916645376127,0.599337909634587,1.35761045153378,0.00192541513480726,0.0451268357810413,0.14286547834341
"108","Maule",0.291430257558331,-0.2,0.0553101935868219,0.282914516600526,0.195704107594817,0.05614505254176,0.23547988906523,0.12358073774385,0.0337597190870329,-0.0635180276159817
"109","Pelarco",0.438344027075212,0.666666666666667,0.0545097957271753,0.107921091073452,0.491130710510005,0.0543519172543401,0.239392273995175,0.0969213494779732,0.00714174590308759,-0.101374233266425
"110","Pencahue",-0.450644955127686,-0.428571428571429,-0.121234946135297,-0.0718602279396871,0.536732273806626,-0.213121627361036,-0.122389522818359,-0.0190036173733315,0.0239034301422255,0.145465216764434
"111","Río Claro",0.169628214274841,-0.5,0.00663836041947326,-0.0240983159026132,0.959526302460899,0.0106786614283717,0.436813648444338,0.237704933424217,0.0496435698789652,0.100821067875574
"112","San Clemente",-0.0113205420095629,-0.25,0.0030243181562989,-0.0742824818649805,0.325754268466203,0.0712700956442425,0.234810397076187,-0.0124614821957521,0.0639058461200021,0.0223283105633429
"113","San Rafael",0.138180054535951,-0.666666666666667,0.181970698855262,0.474353898947432,1.52844571613762,0.185723933428937,1.21702428403731,0.0774295311367355,0.0231270759010948,0.19834899714387
"114","Cauquenes",0.0513388640229588,0,0.0959038193328828,0.0976143937826463,0.539028433896368,-0.0307037657723463,0.192479507366669,0.024248472932385,0.0609398505826257,0.0341680355478704
"115","Chanco",0.397953315672728,0.5,0.0381420058087794,0.196179359341513,1.49271800878098,-0.0327766860192091,0.257333233990707,0.0415285663186094,0.0777562265086544,0.123676212084227
"116","Pelluhue",0.368214430161096,0,0.0775035080834324,0.170585797639497,0.55958002186941,-0.0220872935220679,0.177551734604002,0.00576251503409009,0.0511782564695677,-0.00257359645686389
"117","Curicó",0.0864646770750398,0.428571428571428,0.0752261880039994,-0.0990049920410642,0.208895396053946,0.00218013298440193,0.18184660048139,0.00530406377734996,-0.05049491697615,0.0651766843621047
"118","Hualañé",0.0699079229378448,-0.5,0.243783835376013,0.498066900183817,0.587770370613018,0.0454686222024911,0.445643605028573,0.180310669287044,-0.0236386257058091,0.234990398799362
"119","Licantén",0.485774132073908,1,0.106379513842426,-0.287679690582685,0.202754499535205,-0.161096614036007,-0.118845400753704,0.0225071326659768,0.0180510506275561,0.0788231857340953
"120","Molina",0.329225835310303,0.2,0.132034951492331,-0.131991172383312,0.439730568920652,0.0957254614730428,0.239531015097992,-0.016534084633283,0.055474153217228,0.12939987835635
"121","Rauco",0.810519689464761,0,0.142800467551083,0.367174946574977,0.747903390445969,0.129036516029175,0.775250726642996,0.0324857989613376,0.0618921308576481,0.0401238895184841
"122","Romeral",-0.1019768181286,0.666666666666667,0.0206890187729419,-0.0992264494408257,0.313554773112889,-0.0420394673811074,0.160918186505737,-0.0871432112987458,-0.0101109703869001,0.182787089115653
"123","Sagrada Familia",1.50232301977527,0.2,0.0403866550228271,0.0933014521974513,0.370760835508558,0.0709631698933046,0.198255263014028,0.108522844285801,0.0173932985244917,-0.00298532283253079
"124","Teno",0.275089129418486,-0.666666666666667,0.0597679885067465,-0.075019587507962,0.189563976660823,-0.106689094201542,0.0374930072310392,-0.0293366941330221,-0.0272200617400375,0.068626861538819
"125","Vichuquén",3.83235294117647,1,0.0566269955084422,0.103808627861101,0.474055789457411,-0.314599311851316,-0.139369831493497,-0.0530902680833845,0.00345718980355773,0.115412320197714
"126","Linares",0.0442549628825901,-0.5,0.103451975586789,0.420220168283865,0.258413305811063,-0.00262238838143465,0.124791331091832,0.0944175714682912,-0.00298574126411478,0.164947615576271
"127","Colbún",0.442234030079531,0.5,-0.0271553695936539,-0.0705404419431109,0.49774152427622,0.0571286522960816,0.216828438749952,-0.0731264493403474,-0.0236756119770742,-0.0748129237963181
"128","Longaví",0.0190679774009179,1,-0.00377305271522964,-0.0285489158389766,0.467599090751367,0.0466515182651517,0.374274178589706,0.0944279097945908,-0.0051900941888895,0.0919372113713903
"129","Parral",0.205270079142876,-0.833333333333333,0.0978755306636309,0.1801984980868,0.419792368524405,0.150931352165237,0.26207143848391,0.105340891074529,-0.058321531376893,-0.0174990345691159
"130","Retiro",0.691786407460683,-0.5,0.170903702290551,0.220829215780965,0.463789615338727,0.213382352550531,0.339247104487872,0.212399136796252,0.0218948109884949,0.083812570941118
"131","San Javier",0.00753301552543979,-0.5,0.156886315328179,0.467821993080565,0.110136610683717,-0.0341372862174222,0.114135985181432,-0.0347277226908091,0.00356357282216002,0.0607458637281965
"132","Villa Alegre",0.283226294546334,0.5,0.133272936051007,0.469832221003649,0.333545277984374,-0.114235965372341,-0.108111678581397,0.0436424766961526,-0.0259784591682846,0.0812989241106082
"133","Yerbas Buenas",-0.426429979596169,0,0.261917980746564,0.225147124611117,0.0734660593728811,0.101711154162652,0.180677985104024,0.03805199096734,0.00783707777371946,0.0682864698283085
"134","Concepción",-0.130410217382983,-0.2,0.129385472903495,-0.046300396526142,0.160197732091961,0.0129306001454799,0.115443456959783,0.0202697049211322,-0.0254708609744848,0.0511858847946685
"135","Coronel",0.00211637893749935,-0.2,0.0668502934628449,0.352710999477933,0.0122788346710226,-0.0153197989778358,-0.010571859723181,0.11212247198154,-0.0331699747380017,0.0843675653845169
"136","Chiguayante",-0.000512129292410349,0.666666666666667,0.0528803549501963,0.135213207411233,0.102481108143878,-0.00128098866370337,0.0660242957358389,-0.0307278919229831,-0.0266340479347658,0.111219151352021
"137","Florida",-0.406527137070763,1,0.105477308911782,0.00262413281821764,0.33246145816399,-0.0309351324396468,0.14650727829096,0.00922392340675816,0.0190994613832913,0.0845653649847073
"138","Hualqui",0.287414759589666,-0.666666666666667,0.104463376299359,-0.0354196586612752,0.264795879276318,0.0548540279676352,0.231400252285417,0.203429773955589,-0.003266878544494,0.182338840809651
"139","Lota",0.0827523287553503,1,0.0555299159077579,0.387807717755488,0.115128412256948,0.018033535650584,0.105821190286917,-0.0776595617916809,0.0062030826193855,0.0534386921929144
"140","Penco",0.173420747322114,-0.333333333333333,0.0592516896564449,0.159666943498232,0.065157952165981,-0.0122817427312321,0.0461446788168519,0.0703958946025301,0.026092446052435,0.0996409320385473
"141","San Pedro de la Paz",0.299428934848679,0,0.0842132575328927,0.184976159391695,0.0468014635702531,-0.013550145029175,0.0287636860610877,0.109439712535193,0.0017746688426451,0.0222789023647791
"142","Santa Juana",-0.241435721519337,-0.666666666666667,0.036713662928185,0.26055955433193,0.217667959388154,-0.0484005714990501,0.0972445302189101,-0.0413694220547426,-0.0185190235003119,0.100859087585082
"143","Talcahuano",0.400156994480689,0.5,0.0422842212245075,0.066659021620834,0.118430322560507,-0.00279348006708828,0.0906223239013102,0.00201847233839839,-0.037139288748134,-0.00160844186962644
"144","Tomé",0.765649213873807,0,0.0226397906835569,-0.079278079440228,0.126393523982189,0.160031388759419,0.284587036734813,0.275046905904983,-0.0300901455200405,0.206800517287234
"145","Hualpén",0.595486914212548,2,0.023641421230138,-0.136314563087766,0.108892050555593,0.00235833538801871,0.0796441443187184,0.0104876916852333,0.0118999140532983,0.0236132435616404
"146","Lebu",0.436037545762611,-0.333333333333333,0.108494287964687,1.49762366860631,0.228403376047288,0.00108734378414207,0.213762902614061,0.0765587960478487,0.0183598034038751,0.161865691050058
"147","Arauco",0.113915864217126,6,0.0492444598635857,-0.108610175725596,0.287923252224633,-0.0501600183508957,0.160911265443593,-0.0159755915216909,0.0357663131873701,0.126589263578906
"148","Cañete",0.695944609880405,-0.666666666666667,0.264522697375189,0.308535495780399,0.99041128874121,0.198621298452758,1.4797480484694,0.0749597215752435,0.0173256989724296,0.176436310878582
"149","Contulmo",0.535932152953429,1,0.0858956329342737,-0.0808165609090479,0.406648190703419,0.0932379246739876,0.421677284019836,0.118307486212305,0.050321199143469,0.0904840728329767
"150","Curanilahue",-0.0724335730878719,0.5,0.128488137617486,0.333543464693528,0.00182918979747889,0.0161481994412448,0.0326643349133901,-0.0800421486351484,-0.0168911973776186,0.0671279282456504
"151","Tirúa",-0.224854237564518,1,0.138393352897435,-0.130947946468721,0.598155174713257,0.0940441817623101,0.635891041349344,0.192289533689828,0.012979971848569,0.190296342487736
"152","Los Ángeles",0.00188662404979776,0.5,0.0579637293845121,-0.146542096587471,0.153539272886583,0.0813919961706608,0.174792629301423,-0.00216845001635867,-0.0446416620996296,0.0872479263818898
"153","Antuco",0.0955671945203351,0,0.0735548849337942,0.0809655889376784,0.482595525841283,-0.126039914706105,0.224714201623827,0.028740519142927,-0.0570319498357719,0.125617404218117
"154","Cabrero",-0.361539212585772,-0.8,0.141645107188442,0.343852452988931,0.267002867051185,0.0303027158904567,0.19404141734306,0.0618589997019748,0.00494283589317839,0.124482372105587
"155","Laja",1.28123970914208,-0.333333333333333,0.0170704742053233,-0.180579508502663,0.262534426877477,0.0316300580762494,0.187079380026043,0.0512015088608012,0.00305379460976698,-0.0204866744470599
"156","Mulchén",0.548562326655292,3,0.0506751937436545,0.0551017743055541,0.239359542757859,0.0616943110438574,0.221668726474194,0.0066072283801374,-0.0100214281631972,0.0243230438549361
"157","Nacimiento",-0.11122827829715,-0.6,0.111710927152119,0.31339039859219,0.264200468412313,-0.0253080513813365,0.105907965609588,-0.122290437200812,-0.0534593986668148,0.0646276762894373
"158","Negrete",-0.365645940136515,0,-0.0176807945417011,-0.00356414511609274,0.44949782985574,0.0501211742553401,0.341089396669862,-0.144924728128285,0.0110395584176633,0.0435963281678923
"159","Quilaco",0.0170563535577808,0,0.0883698350662435,-0.124171013618135,0.396679349705984,0.118756562171891,0.303369890329013,0.0481666647198308,0.0136452241715399,0.11195146502707
"160","Quilleco",-0.282257416026968,-0.6,0.173649411934492,0.245776009917347,0.631858996304863,0.142345533943995,0.641657115189612,0.0269602088793794,0.05775169857937,-0.0177899366677187
"161","San Rosendo",1.0775625264498,-0.5,0.0628848859698386,-0.0565938877520374,0.409648488830486,0.151165886612504,0.463100207564576,-0.00404982517482517,-0.0721345569070374,0.218520848310568
"162","Santa Bárbara",-0.442577563854201,0,0.0877959885560951,0.084403733594098,0.469181051867387,0.145883549804913,0.580185878113133,0.187818596105697,-0.004143979338616,0.167586553174649
"163","Tucapel",0.17101116906857,0,0.0396535511731872,0.0856126900880753,0.178699072386201,0.156397092875697,0.334909759368172,0.0212970542774802,-0.0185972237836722,0.0445340341146998
"164","Yumbel",0.611993224527972,1,0.0227271196422206,-0.12645285328957,0.092956865038527,0.0774621131931871,0.156660263196912,-0.152417115699093,-0.00253380325329813,0.0445337684470227
"165","Temuco",-0.0327607782572044,0,0.0670795701304032,0.00812884458138222,0.148915635338206,-0.00178987129472115,0.0852689340170807,-0.0793262434166901,0.00226381843091125,0.0673998435995339
"166","Carahue",0.291637279066149,-0.5,0.152305350329191,0.567986214927019,0.746466378936483,-0.148253547874017,0.130048972653043,0.00405912207650411,0.00557422739568814,0.100305284427868
"167","Cunco",-0.635504421602544,-0.333333333333333,0.139533058075453,0.266091817363097,0.152757740137544,0.15525258380686,0.228615499357192,0.0043807453407814,0.00853477231429985,0.061521261922964
"168","Curarrehue",0.263120211534799,1,0.173248456862205,0.739882711658188,0.387694780860693,-0.154500873700319,-0.174320800843168,-0.12407607826153,0.00446670276123449,0.0979332155519812
"169","Freire",-0.367064380726709,0,0.214336059078528,0.513336121562175,0.182000718326578,0.069178166262684,0.140114161785971,-0.0573178227699783,0,0.153077729828186
"170","Galvarino",-0.0554880663209283,0,0.22881796167206,-0.18532685351548,0.456569530768724,-0.0297894682606278,0.0862280110364535,-0.161873956366015,0.0128889707236236,0.0592712137381693
"171","Gorbea",-0.0141342525811301,0.666666666666667,0.147082148627375,0.0624102368283944,0.177713649178764,-0.0570324890326805,0.127270364713776,-0.00952892019890524,-0.0273128932922747,0.0243830435523802
"172","Lautaro",0.140317634537823,-0.714285714285714,0.181753789098321,0.562295562637745,0.115108094436209,0.160915740402555,0.239714308667339,-0.102209888232078,-0.0083874900543846,0.0245442604123643
"173","Loncoche",0.389286061329595,-0.5,0.352380569171827,0.605263461121638,0.506195723433695,0.0320109171894893,0.283138307694033,-0.00664691150669878,0.00012577132264379,-0.0477091607104457
"174","Melipeuco",-0.48907131026618,1,0.211138566146789,0.143060563277167,0.289947063584376,-0.0261837482608,0.250257650216725,-0.0344759071223465,0.00370713623725668,-0.0125129984263852
"175","Nueva Imperial",0.0561230100631176,2,0.140067988078675,0.118204204045677,0.549194167904759,-0.11422556483781,0.0528909505931333,-0.0649149855453181,0.00521320679053597,0.168175217500013
"176","Padre Las Casas",-0.192950589820511,0,0.264096805309613,0.692929050673878,0.231175615615096,0.296634984524046,0.32028303810582,0.0622848023576394,0.0103648773910845,0.20357908562867
"177","Perquenco",-0.387770152617024,-0.5,0.344212943372146,0.597012019877951,0.224929947633912,0.517755508608916,0.455978226112346,0.113873527417578,0,0.11262023021129
"178","Pitrufquén",-0.089940478999201,-0.166666666666667,0.134330786011802,0.176795003119378,0.285239285589669,-0.0549355814899035,0.0443207554412303,-0.0814010920370427,0.0675680054405706,0.0884863036985599
"179","Pucón",0.46043715318561,0.142857142857143,0.149316299590261,0.115150172954013,0.270144661257994,0.0193572735313811,0.176895810771476,0.0149786406372594,0.0138505123990067,0.0619725579731945
"180","Saavedra",0.902944002878064,-0.666666666666667,0.244727112032332,0.580619937322707,0.513599274822965,1.04335775189144,1.23451519367451,-0.0802848260791406,0,-0.0388444062153841
"181","Teodoro Schmidt",-0.122966782061613,1,0.193995439624561,-0.0461789062742261,0.444509704202877,0.16215915134688,0.388368099539834,-0.0910770024063506,0.0151677937180054,0.179840120401385
"182","Toltén",-0.425708198039156,1,0.118215627645111,0.127931719798134,0.254514300777646,-0.276736485604279,-0.121823499356938,-0.314465420555939,0.0221219931271478,-0.0931165557285932
"183","Vilcún",-0.0963299972689582,0.5,-0.10131524670844,-0.289028466208751,0.10414313738251,-0.0372649179728826,-0.0481916326823188,0.0587963226352268,0.00191554571769115,0.110399478922219
"184","Villarrica",0.0800511482875922,1.66666666666667,0.059447803767076,0.181194229970154,0.0581375843110754,0.00130808740675621,0.0180921558995249,-0.116285669478595,-0.00467950444133826,-0.0313860985968127
"185","Cholchol",0.107703662436964,0.5,0.0525987841156203,0.0101762362998358,0.38169548099036,-0.206209990486284,0.0776164243597355,-0.195316928867996,0,0.115680484440531
"186","Angol",0.0262298213528705,0.5,0.0654525698495315,0.553597846068975,0.286756008688052,0.0205325608521571,0.303238650191239,-0.119711317292147,-0.107202312324589,0.141260756554781
"187","Collipulli",0.10797083466166,-0.5,0.186945654390432,0.132726658475964,0.372391897724578,-0.220095495795981,0.0799789995398426,-0.126540054518099,-0.0362256179394092,0.0364013511555112
"188","Curacautín",-0.407867981952701,0,0.182603851254757,0.407682987249756,0.115517794874633,0.0307691074248972,0.144389040297665,-0.0404458841128718,-0.0139367816091954,0.333217421542206
"189","Ercilla",0.274597174383746,0,0.299578174058503,0.148457651625621,1.5290619471551,0.288143728552908,0.939525933476205,-0.313541849365751,-0.0444520626214147,0.0465076702953367
"190","Lonquimay",-0.0709270811458853,-0.333333333333333,-0.0459914499631976,0.147066975520666,0.0919439044196388,-0.402544074220674,-0.27847021694518,0.0241338190371956,0,-0.0434398501480085
"191","Los Sauces",0.0299956794212444,-0.833333333333333,0.192777740271519,0.566071544272047,0.586858663894033,0.0101432961555809,0.422255989752531,-0.0185160044596538,-0.182596939991056,0.00061142030717607
"192","Lumaco",-0.247548943848109,0,0.163075613048695,0.251296690567893,0.943387965091401,-0.0325485251102885,0.673617816961523,0.0209493539056263,-0.174704643765118,0.0854873552917238
"193","Purén",0.609752169280369,-0.333333333333333,0.168175082876382,0.331556162298354,0.935822724175132,0.0617100319808895,0.66644007585083,-0.244786724742091,0.00949676389024811,0.0651382746365193
"194","Renaico",0.0671801274048466,0.4,0.0587488602080634,0.393885302535469,0.253956890864172,-0.0472919853679508,0.103147876897717,-0.0119610409993655,0.00524333213439444,0.144029356142558
"195","Traiguén",0.181613750086751,0,0.172099581851761,0.522868682620681,0.0309725165471174,0.0224171642723996,0.042126875873774,-0.0244020604509828,-0.0725385380407757,0.141867628969281
"196","Victoria",0.410046111851377,-0.2,0.128373068597685,0.0813396083622706,0.0622299626579245,0.0839416323571439,0.108742024515057,-0.0540922872824144,0,0.0265427767369364
"197","Puerto Montt",-0.252770781428467,0.5,0.173916094952388,0.0665601914910096,-0.0305241269482495,-0.0982251074947804,-0.138587580090912,-0.0489182676004377,0.0592160437669062,0.0474343829639695
"198","Calbuco",0.383616804211892,0,0.130360541865362,0.194019975687382,0.171809607259081,-0.124067840118165,-0.11460211660656,-0.00325417653673851,0.0170601362461827,0.0538080132567966
"199","Fresia",0.508440607680234,2,-0.0443995796772855,-0.31626228994273,0.066480076386812,-0.150586770327934,-0.166922843663143,-0.0541250430824987,0.0741112123974475,0.0616818816825591
"200","Frutillar",0.0466876859831554,0.25,0.0223869940307286,0.206021729297273,-0.0121442126689489,-0.0267770172005546,-0.0502255615663238,0.000940303399932209,0.0220706021951943,0.0118210305144747
"201","Los Muermos",0.0331862273935098,-0.6,0.10659602928258,-0.187750894621399,0.0183178827562294,-0.296827955765088,-0.361634483343223,0.0578124583705329,0.00598349814196635,0.0575275928521494
"202","Llanquihue",1.07571343354553,-0.5,0.0927563383642314,-0.325495253957143,0.152497381177994,0.0409434885303044,0.0868452553873148,-0.0935625106019503,0.00770992792893459,0.0212357472344924
"203","Maullín",0.485665825623773,2,0.0352337742956088,-0.0361782415565917,-0.0573335458441234,-0.0352195345915012,-0.040090100979053,0.0571627787011956,-0.00649228570943615,-0.0218544260124736
"204","Puerto Varas",-0.0371397064564771,0.333333333333333,0.228927702277431,0.114867687324818,0.474019079749313,-0.0266038181098912,0.252719568150582,-0.0669300840986209,0.00860583124184771,0.131667365409019
"205","Castro",-0.179245657657262,-0.3,0.13922145123463,0.482141804313627,0.0736513667093845,-0.103666928982667,-0.0674200394928362,0.137607434148307,0.00372771474878446,0.0478424117934797
"206","Ancud",0.57518474833077,5,-0.0179133107233552,-0.224338327737066,0.019736780992483,0.0272926591892335,0.0315914268731901,0.100818982600345,0.0286279122144091,0.0280902603172098
"207","Chonchi",1.85736104674916,-0.666666666666667,0.0746744510501319,0.0183406772697966,0.0439291799392548,-0.0518444454609739,-0.0284763366654709,0.242234921623395,0.0120654984199943,0.102495574800884
"208","Curaco de Vélez",-0.406098533652371,0.333333333333333,0.104433372317972,0.124836097551695,0.03404614518852,0.200674146559143,0.211730077927091,0.0580840402215196,0,0.0837511058684754
"209","Dalcahue",0.53922145935652,1.25,0.154138687426226,-0.152222611881842,0.119061317260216,0.183516040322515,0.194124136358924,0.164100692542987,0.017394993635978,0.0427861366558471
"210","Puqueldón",0.544420606136283,-0.666666666666667,0.0417934623905033,0.100876082960021,-0.0590592832634389,-0.582899682284928,-0.761349818214572,0.00249503328684581,0,-0.0455071199729694
"211","Queilén",1.41832558425627,0,0.106468217309723,-0.191368922089194,0.0578684429641966,-0.141179056364169,-0.126808347347155,0.136118461521907,0,-0.0280963829591742
"212","Quellón",-0.377847595318713,-0.75,-0.00292860468531956,0.0571707899215215,0.0473225391586726,-0.343453344415253,-0.342788551753775,0.304410589926422,-0.00204493750159762,0.0583382801179937
"213","Quemchi",0.788141158988384,5,0.0494333731097066,-0.367275698324797,0.0245918514440617,0.121544371649456,0.135376368011012,0.158801664834851,0.00679501698754249,0.0798474993670524
"214","Quinchao",-0.534224846132028,3,0.026565276703709,-0.418006177390399,0.0345623018543512,-0.230518537705668,-0.234432716299027,0.222542638986682,0,0.00158882697113142
"215","Osorno",-0.0324311621736204,0.2,0.055337968991445,0.00925850576187812,0.100012884217176,-0.0572064100057679,-0.052672697373142,0.0486408375214301,0.0151397083445859,0.120529280272775
"216","Puerto Octay",-0.241236776288394,-0.166666666666667,0.226993952243781,0.0475811295186815,0.178092522483732,-0.0142930991627367,0.01036129702134,-0.282708523222654,0.00976909413854354,0.0699585800181777
"217","Purranque",-0.20905305682783,0.5,0.176810395489227,0.280730214700383,0.0473186438958904,-0.0504436599335919,-0.0394175937030694,-0.0105795777845695,0.00533507450332501,0.0534154162970796
"218","Puyehue",0.00387871830484371,2.5,0.0639293242231619,0.00782256660510512,0.0484921994047122,-0.0540910026469734,-0.0521256578505313,-0.120937821412502,0.00514150584007737,-0.0229876711938726
"219","Río Negro",-0.0804299740621822,-0.5,0.166519557358819,0.228147103810566,0.139954788772983,-0.224594940194134,-0.183517937618928,0.122094447987761,-0.0173355342514067,0.0769143179003657
"220","San Juan de la Costa",0.896419441598503,0,0.299362388585933,-0.104106412244885,0.406666162192259,0.863543227422811,0.704559362892784,0.215538086330662,0.0121262229571448,0.0135678087000118
"221","San Pablo",0.0719301258333403,-0.333333333333333,0.0132054513914869,-0.0896354439994521,0.0406145253106659,-0.0118217825041384,-0.030215835534024,-0.0884521313351342,-0.00948646597520875,0.105397748137389
"222","Coyhaique",-0.0368298527128521,0.25,0.114223875716786,0.244675932449737,0.227708876590397,-0.0404977991367904,0.0986316203930543,0.00641398914892259,0.04210202932501,0.125887793703208
"223","Aysén",-0.085836615295976,-0.333333333333333,0.122217746979067,0.329342927780705,0.162746990004649,0.0000776341410949193,0.0636387351313359,-0.0038899125472742,0.0230655348820464,0.113873684668579
"224","Cisnes",0.402832715344666,1.5,0.192564013354716,-0.121359736556895,0.430288387059652,0.00782851232305956,0.340542193232776,0.118939278891311,0.00796971508268577,0.0802953402812896
"225","Cochrane",-0.302451526222312,-0.5,0.121985783303541,0.195017102390218,0.219360438786293,-0.155347438895949,-0.112852993051917,-0.00670149063574973,0.0788177339901478,0.103737925241495
"226","Chile Chico",-0.56469157005868,2,0.0598889193469207,-0.29663186735992,0.275781890525699,0.0239916195449422,0.090027877907912,-0.140849107141842,0.0729911197747455,0.022540654126834
"227","Río Ibáñez",0.915254237288136,0,0.0915674362089913,-0.115723126188186,0.315473615916955,0.0930879237288136,0.138739576520602,-0.00557432432432432,0.0351861295257522,0.184529393370857
"228","Punta Arenas",-0.00182785393540059,1,0.12281200266302,0.385545426704003,0.0829417862507804,-0.0524193029637558,-0.00524831663905221,0.0267975518292309,0.0100640974162037,0.0949058544215715
"229","Porvenir",-0.447062538308661,1,0.0122903165324679,-0.277866336755486,0.125649370327795,-0.0176169193815859,0.10441033254312,-0.209536266770223,-0.0160436159574461,0.0418627595809283
"230","Natales",0.229068408627418,1,0.100956290527869,0.305606515905665,0.135746206881594,-0.0164414681311052,0.0701506883513722,-0.126846043170172,-0.0362918939984411,0.0322236194190746
"231","Santiago",0.119420639011417,0,0.146634870638109,-0.129975201589686,0.243025479833519,-0.00195480356298029,0.114514833553326,0.0961309334921319,-0.0622447578692765,-0.0506685961095831
"232","Cerrillos",0.658553130687527,-0.5,-0.0657434990290497,-0.109536544177366,-0.00478717870684719,-0.0926263186563213,-0.0484134371134199,-0.124112711198199,-0.129974939035681,0.0198236957342569
"233","Cerro Navia",-0.246277887858494,0,0.108529712775593,0.214509691796099,0.163668858605659,-0.0239772831017946,0.0666525508360102,0.094207704881377,-0.0688076795677428,0.154873035902976
"234","Conchalí",0.220007573076207,0,0.0780756702577589,0.323855385471647,0.0398198901055981,-0.0780773232959284,-0.0325389195660332,-0.0945123073283633,0.045532419766465,-0.00983441286840453
"235","El Bosque",0.261210269155641,2,0.0391409781369567,0.0795688041577222,0.164238705798449,0.00594315144351953,0.127433660036493,0.0252932968092624,-0.0238979161615745,-0.0252041853048524
"236","Estación Central",2.02483186389821,0,-0.0118512347430218,-0.104018539309386,0.053140777305745,-0.0325955833952945,0.0137602359640189,0.101031868126986,-0.118415902891793,0.0444767386687511
"237","Huechuraba",0.496182533264981,0,-0.0326041119332251,-0.0903366004706351,0.076249651854841,0.0396639616616239,0.167286604916682,-0.073785992945357,-0.0620913151691199,-0.015878444090971
"238","Independencia",-0.298627176211684,0.166666666666667,0.133435420641642,-0.178684091883583,0.211778613595355,-0.024267535392314,0.0154588004703267,-0.0931428891992385,0.0490631901287794,-0.0359916793469352
"239","La Cisterna",-0.620023122947249,0.333333333333333,0.0664022613260535,0.150748221356447,0.0328321688432369,-0.00733981918682197,0.00817689791675762,-0.124566373132498,0.0490707193945522,-0.0580257219572184
"240","La Florida",-0.239409443996877,-0.125,0.00436336634227635,0.118564386906373,0.014219720613437,-0.0143544631306598,0.00545523725496164,-0.0554381922290541,-0.0127047187640828,-0.0143189029796109
"241","La Granja",0.152970082465304,-0.5,0.0624247302969792,0.132761496894089,0.125707228003226,-0.00287711095609202,0.0955730297558358,0.0271564805776451,0.0237690804586355,0.0690789689066353
"242","La Pintana",0.0538417839108489,0,0.132905938017249,0.185104355200637,0.17050199618957,0.00396238800494509,0.135956130176601,0.234978580039869,-0.0665232989106514,0.135101636335405
"243","La Reina",3.79670907912418,0,0.0445965236080552,-0.0827027255408146,-0.00576329963289766,-0.0238838323211719,-0.0231913986048615,-0.0869255842832963,-0.00576917041661201,-0.00913744231529243
"244","Las Condes",0.318980327279823,0,-0.004770816720294,-0.165147403041388,0.000964350923631013,-0.0159528457675042,-0.0182496922558184,-0.0307423001525562,-0.0284389043494673,-0.0216211875768071
"245","Lo Barnechea",-0.495861359451203,0,0.0273517861758406,-0.411508801261785,-0.0715531397732946,-0.0494152302424188,-0.110443955629656,0.0492020422235568,-0.123109265415803,-0.00994835980841799
"246","Lo Espejo",0.372778193274253,0,0.0180130064630137,0.0490553486871328,0.00759549026128407,0.00365181348096532,-0.00705407083317004,-0.0762998237578143,-0.147569651548384,-0.0880262936641364
"247","Lo Prado",-0.0474307648973085,0.25,0.0713894451906254,-0.0904001455466909,-0.00283816097390261,-0.0388440172241877,-0.0350187246643736,0.285551533657265,-0.0312673097267982,-0.0121554936523947
"248","Macul",0.0366398685213091,-0.875,0.0982700031817475,0.411429285081331,0.127831295497839,0.0247003455344645,0.137949819471778,-0.207119325323439,0.0152183835086336,0.0462772836633948
"249","Maipú",0.108758764111369,0.4,0.0284099687653818,-0.117115312491196,-0.0291605341889568,0.000143434016146842,-0.0331839686174811,-0.0103776273865202,0.0151296885041003,-0.0158723804623851
"250","Ñuñoa",-0.697947285100638,-0.0999999999999999,0.087148155058257,0.374642873474098,0.0567161364742538,-0.00477833402755401,0.0417952063025626,-0.0155395951097195,0.00639114385753436,-0.0156432175275175
"251","Pedro Aguirre Cerda",0.145790126908654,0.333333333333333,0.127178640784249,0.182836231671003,0.0152978762657327,-0.0155305193055552,0.00178370567570602,-0.128081297190489,0.113244638074032,-0.0101456992573547
"252","Peñalolén",0.326881776501946,2.5,0.0790331191189302,0.706748005888235,0.193365668796752,-0.00443478580459203,0.105764959148845,-0.13893347097501,0.0417073560377708,0.0833288037676258
"253","Providencia",-0.269232501710357,0,0.0712896852239389,0.0528758266194268,0.00586974317679224,-0.00882900019358146,-0.0110286023207974,0.0398089078025662,0.0412425546414264,-0.0143147027109636
"254","Pudahuel",0.0470084006552683,0,0.0800346193216508,-0.105465881917063,0.0678638635772924,0.00838557155276472,0.0657494452515775,0.13376998489778,-0.0807854841999365,0.047684530694754
"255","Quilicura",0.121571768013742,-0.666666666666667,-0.00582007728620578,0.0982309102260503,-0.0331599125833471,-0.0378719953567377,-0.0470494283193181,-0.0614967759085006,-0.0918265884648778,-0.00467269676552909
"256","Quinta Normal",0.983867703280361,0.25,0.0748531175705504,-0.0355776332916136,0.061792282145707,-0.0307709363907284,0.0149905232963563,-0.0449727489243431,-0.0434437754215403,-0.0239028271169278
"257","Recoleta",0.486217073921528,-0.5,0.0798090062618802,0.115194653777718,0.0998503516939986,-0.0164435157236681,0.0456043408121771,0.311023983713383,-0.21093374708287,-0.0970119489760152
"258","Renca",-0.0260450334373871,-0.5,-0.0271061945858247,0.32274056949901,0.0265910435320002,0.0105733360489827,0.0193367340277697,-0.129353278580242,-0.030907009647709,0.0324189010907473
"259","San Joaquín",-0.187380727665892,-0.5,0.0671380201581653,0.00178992724573378,0.226260431609169,0.00368406382830464,0.248826759686175,0.0224680307563454,-0.0514294084499827,0.0466126613145425
"260","San Miguel",0.780761334548176,0.125,-0.0267360737843675,0.0620248335909364,0.11586697794973,-0.0507841427090362,0.0551844833010359,-0.016391536487544,-0.0128484863463443,-0.0146590536851517
"261","San Ramón",0.192682986401961,-0.75,0.0880544605125149,0.0790475264275477,0.0454420297838365,-0.0254626776492828,0.0280412562449354,0.139736025882437,-0.113259399669581,0.182770084535332
"262","Vitacura",19.2545891089482,0,0.0419021723671426,0.278167395037983,0.0057742218158115,-0.0036554161082003,0.0020542349679996,0.00334104995675326,-0.0150684375126924,-0.0121264738006553
"263","Puente Alto",-0.112210333008306,-0.714285714285714,0.0588744475924685,0.215730912624304,-0.0148120974762788,-0.00196071874874662,-0.0189395995419754,-0.0209599209345486,0.00302632722272375,0.0427597053118409
"264","Pirque",-0.759290020533248,-0.2,0.240777224882583,0.353508347040776,0.0659803170890618,-0.0326817062300203,-0.00614795330440403,0.0189093309111413,0.0864164663028108,0.128037435613004
"265","San José de Maipo",0.685864141267548,-0.666666666666667,0.0682835269374799,-0.0330414054482486,0.287375662243635,-0.111398386352609,0.108011131206582,0.152245094963858,0.0342287318261445,-0.0997231064615
"266","Colina",-0.0725001464696371,1,-0.0357734158379227,0.307949553937831,0.0212392767140669,0.00162211694664112,0.0182956624037773,0.14283003595882,0.0153452038773726,0.00483134736311533
"267","Lampa",-0.287184848892613,0,0.134893303538039,0.54016171141486,0.216215481841541,-0.0211150901689473,0.13663619468939,-0.0994829274631949,-0.042635186606798,0.0762706671756684
"268","Tiltil",0.379752909911073,0.5,0.0710376104773608,-0.1089801695913,0.118918241288261,-0.0103079342462586,-0.0117296787169581,0.0178094249680724,-0.0483188513958623,-0.0279799524920463
"269","San Bernardo",0.110758677507061,3,0.0383563273465445,0.0950789071263,0.0853329815456207,-0.0170600667131098,0.0645148962851424,-0.140064243767844,-0.0806256823412769,-0.00557846797762883
"270","Buin",1.00690008558341,1.5,-0.00805575215653496,0.100022813000626,0.092875633608913,0.00207411851538791,0.137925085195437,-0.0484416832244724,-0.0375867674709444,0.0786930238921275
"271","Calera de Tango",-0.10175821788237,0,0.00764812072169475,0.207134887190774,0.184686315640168,-0.0617559303427814,0.30747227417823,-0.185748751993433,-0.128388809168667,0.0431331398794151
"272","Paine",0.0930234302504524,-0.333333333333333,0.202080240141815,0.660362729050612,0.302692041464143,0.0054415397305451,0.351148165444497,0.03082575237326,0.0200916230366492,0.168218627368582
"273","Melipilla",0.354665476572615,0.5,0.0379157903641089,-0.153032043621921,0.0211526583580838,0.142821628891684,0.116939684566271,0.0393542677493077,-0.019882268899023,0.0526512014501306
"274","Alhué",-0.444173249700374,-0.666666666666667,0.0899155859006133,-0.110339012761609,0.563473566320556,0.0502279558757963,0.317497951593596,0.0634927060525207,-0.049071929133315,0.0713047378154786
"275","Curacaví",-0.381251793167085,0,0.0402175109259192,-0.0269274980478053,-0.103054331605407,0.0014603232028679,0.0121643410200492,0.0661912328844119,0.0221528710107344,0.165303459673815
"276","María Pinto",0.177201444968585,2,0.0455666680320189,-0.185767342934109,0.162370008672558,0.122901312264727,0.29838485376691,0.00662882234370976,-0.0504163286489066,0.00978253366246084
"277","San Pedro",-0.0905737644934006,-0.75,0.183587159816281,0.0717903729830395,0.597032461794318,0.0769976719878089,0.43295734408104,-0.0854574062484832,0.0676935549250102,0.0680770052138947
"278","Talagante",-0.241940576386171,-0.714285714285714,0.128235172730656,0.40367186138119,0.0566732954267497,0.0270491998654529,0.036317191593358,0.203953112908095,-0.0213788943315314,0.129873937968799
"279","El Monte",-0.017954959626738,-0.5,0.0519331888134687,0.1777784052069,0.137471150847007,0.0369726385729056,-0.0167408232838396,-0.213145694709323,0.0767027806813323,0.0694735252525639
"280","Isla de Maipo",-0.0947333472069182,-0.75,0.027075732234147,0.119797096326156,0.129001896417218,0.00488207727062747,0.0642078038684812,-0.0989683966883289,0.0764857183207513,0.0120596596695036
"281","Padre Hurtado",-0.0762533017614352,0,0.0939941992662026,0.221474341142507,0.212321527447867,0.0323527296873549,0.183524232797428,0.211516501981799,-0.278705114856136,0.0753705581241578
"282","Peñaflor",0.354561076071816,2,0.10204337564618,-0.162078852554813,0.0414385449687338,-0.0268315088003594,0.0311587664271027,0.0726371866983845,-0.208764634772575,0.0325302981389159
"283","Valdivia",-0.210391322628387,-0.0999999999999999,0.129526690270746,0.477242925616313,0.164776759480361,-0.0194012020783878,0.0622824183274666,0.0321907341566232,0.00355242182483599,0.128156551115634
"284","Corral",3.83432644641259,2,0.228859166152972,0.107245094918177,0.199501783141782,0.230243897688074,0.292625460891216,0.132005811381972,-0.0364500792393027,0.0391720065946469
"285","Lanco",0.088498979889245,2,0.106539193345289,-0.1042918795306,0.0700293043983891,-0.0503388482742799,-0.0289081401560284,0.0865714742681059,0.0245403184069077,0.0243104372149468
"286","Los Lagos",-0.330317470894493,0.25,0.110670480636532,0.116263655346845,0.160613121085122,-0.257111282686698,-0.156402134511382,-0.0532348228883298,0.00965654343859236,0.0572954621454413
"287","Máfil",0.419056922660076,2,0.110410519929314,0.210809752427675,0.229136203628486,-0.045393365493419,0.132190476190476,-0.063594470046083,0.0212765957446809,0.0909874326750448
"288","Mariquina",-0.0435793908540331,0.2,0.0906839800490051,-0.0873297868361203,0.0159216855066545,0.215927894528565,0.170545377881824,0.0342558274832253,0.0390972098809313,0.189717392371053
"289","Paillaco",-0.0392173940639865,0,0.0775519914095181,0.175496712513139,0.0293761943481737,-0.00754634995973569,-0.0271918816076683,0.050578264269472,0.11041858472187,0.0883981414067716
"290","Panguipulli",0.266968803842183,0,0.256642017262145,-0.0711694684816113,0.315671829720286,0.0645490485661568,0.169234428457091,0.165301107909953,-0.0108928571003651,0.0165563842595602
"291","La Unión",-0.143586474904735,2,0.0467085724531939,-0.118071528214675,0.165623871794175,0.161890847621789,0.212830188707379,0.0649030460897505,0.0259701000329779,0.0284908041679181
"292","Futrono",0.218686127933604,0,0.0639947766585039,0.206809433711703,0.560897218998848,-0.215329278786161,0.150757926641171,0.0602146551615154,-0.000127156776268562,0.016973565494329
"293","Lago Ranco",-0.365770860699621,0.5,0.238474746588176,0.119490107981647,0.453153664874011,0.153477811451745,0.669276666094546,-0.033519399296603,0,0.130171562387134
"294","Río Bueno",-0.219494341112573,0.333333333333333,0.225219295030857,0.42541911091492,0.375555036278628,0.188553316820605,0.52612408940411,0.0260932983270723,0.00543689320388355,0.0478182928798229
"295","Arica",0.176715272098829,0,0.0188826415964916,-0.199123804177354,-0.0335448236285828,-0.0174464148658264,-0.0481856125961956,0.170954265909294,-0.0447189783627424,0.0573749576151792
"296","Putre",2,-0.666666666666667,0.104156371461156,0.124656012012271,0.121734446539187,-0.031972605902043,-0.331227836879433,0.00847794100474102,0.0222016651248844,0.56674793144208
"297","Chillán",-0.00544921645318957,-0.2,0.0569151310397587,0.2369518449074,0.130185518549142,-0.000550368678669886,0.117498544939417,0.0525907757652361,-0.0358494746700959,0.0526575182640961
"298","Bulnes",-0.272227706111353,-0.333333333333333,0.078849732091865,0.142271713745463,0.0780078492539764,0.0747844287763835,0.181333056885769,-0.0138694972129538,-0.0134372857032908,0.162443407098414
"299","Chillán Viejo",-0.223873643185315,-0.6,0.00655730550149957,-0.262401908786814,0.00454473292367558,0.0245949145061892,-0.0412159428662139,0.0791090879655865,-0.0231110336464711,0.0666748031868505
"300","El Carmen",0.0138295418598184,0,0.244661222424186,-0.0387203868787432,0.530541240021824,0.361403646409155,0.737839284790647,0.0825001114970372,-0.0393461319140848,0.0607675966019736
"301","Pemuco",-0.0264368696819767,0,0.0675136538428717,0.17854801265394,0.131945195327604,-0.125931809179894,0.000734458772963083,0.0973244563044034,-0.0137685987119698,0.0490523852964505
"302","Pinto",-0.188705302283821,-0.333333333333333,0.0987400297419069,-0.191797220583759,0.32434380148884,-0.0433233991742501,0.0993786870405024,0.00734520205378385,-0.05014902261281,0.170114835147638
"303","Quillón",0.0784981746923835,-0.5,0.144022071035487,0.477134047329091,0.24999986908205,-0.0705881909410111,-0.0131033100371679,-0.00640591883033669,-0.0307471825939678,-0.0447807864240296
"304","San Ignacio",0.328783584397674,0,0.0813069380931544,-0.307894610381791,0.527131707635177,-0.198764328741235,0.0507143774803728,0.134286035243376,-0.0678995949372789,0.043353890430894
"305","Yungay",-0.115817488968492,0,0.142408437593834,0.310217078158251,0.430857046326322,0.209153031176708,0.381492233453116,-0.0154956817723384,-0.0057353823215797,0.00173013886899481
"306","Quirihue",0.270344951868927,-0.75,0.120499798657534,-0.0517626235637659,0.808480240046283,0.0528429322416425,0.416926194101869,0.0469799991059943,-0.0240303913773302,0.205296351471318
"307","Cobquecura",0.557791149436179,0,0.0696869617395556,0.0972081856875185,0.104562578601584,-0.211539871835017,-0.189825167490169,-0.11826902060282,0.022552204713049,-0.0937465044366513
"308","Coelemu",-0.462982071117722,-0.714285714285714,0.14140088578201,0.459336932963515,0.265446639937574,-0.0301727774427891,0.0751923846353032,-0.0989765925133774,0.0172080195281649,0.129083478541001
"309","Ninhue",0.924344501192214,0,0.0879153155360325,0.316764718501256,1.19576750079938,0.313889703685638,0.799670998751968,-0.0592824601728566,0.0377435897435897,0.135352639837377
"310","Portezuelo",0.340703691937264,-0.333333333333333,0.123950576875869,0.120326893778971,1.10785945488653,0.110507792429292,0.530531257844149,0.118235723342113,0.047008547008547,0.14299300308922
"311","Ránquil",-0.115759495124522,0,0.285233809532707,0.657892057954136,0.180796736212374,0.265707876197314,0.460373030054358,0.0453143272336846,-0.0649919336252592,-0.0576436724235467
"312","San Carlos",0.583012192133595,-0.75,0.112511452559148,-0.0996405043533487,0.358720081775411,0.125003374024146,0.295320689482871,0.213406456704171,0.0277142273058695,0.142051002049015
"313","Coihueco",-0.19809457177194,-0.333333333333333,0.117527350584716,0.122350491164864,0.302970743663085,-0.0492001275968041,0.129075293902274,0.109251735564801,0.00245760629147208,0.0956907022379544
"314","Ñiquén",-0.060695305315706,0,0.149011167437821,0.262763687625011,0.523839911270103,0.144479069525142,0.370375999248267,-0.143429544574844,0.00650635262914362,0.047055762854702
"315","San Fabián",-0.236920935637137,0,-0.0199790820558789,0.176911083321754,0.356807511737089,-0.0278883633906761,0.350401073105298,0.080550051470632,-0.0113101552774495,0.254875905097678
"316","San Nicolás",0.147250237701614,-0.5,0.132106361716063,0.533997410154043,0.110034205917619,-0.0277463980241731,-0.0155600010424533,-0.067024441408789,0.00921785939136202,-0.0717532720693634
