"";"district";"maha";"nlp";"ppl";"cc";"ach";"mdp";"sm";"le";"as";"rs";"we";"ad";"vt";"ac";"lt";"cfo";"mahaR";"z"
"1";"NUNOA";6,86592725;12,24643213;208237;2;"0.13";"0.23";"0.1754";7,659707724;485635,1729;0,018199779;0,305855222;"0.8982";0,615815206;0,578048089;31,1216545;9083,146683;50,8443726370681;1,96605662707717
"2";"ALTO HOSPICIO";4,15871931;11,59335271;108375;1;"0.44";"0.66";"0.21829999999999999";9,77779781;352071,8117;0,529725567;0,171722383;"0.82889999999999997";0,370277865;0,035275663;35,7576878;905,4339193;18,6693039688263;0,102678846543219
"3";"ANCUD";4,49916838;10,57108613;38991;1;"0.59";"0.66";"0.43990000000000001";11,57508773;638416,6449;0,521638843;1;"0.82699999999999996";0,461975835;0,153317432;32,92119003;2399,464158;22,4773891878932;0,32321921140631
"4";"ANGOL";3,45489643;10,88297841;17754;1;"0.42";"0.34";"0.2366";8,705468228;291866,4339;0,35338593;0,322431326;"0.92810000000000004";0,52183908;0,273872555;31,54490798;776,6241598;12,7286681760335;-0,241365446032326
"5";"ANTOFAGASTA";4,54534725;12,7990486;90468,25;4;"0.51";"0.65";"0.48039999999999999";11,9971392;525579,6145;0,417220368;0,132513376;"0.91759999999999997";0,437355176;0,167401271;35,7948201;1376,128007;21,1847836639668;0,248359622539063
"6";"ARAUCO";3,28404995;10,49838775;36257;0;"0.52";"0.37";"0.26319999999999999";9,709881941;542955,1257;0,369474085;0,131243809;"0.87690000000000001";0,569463549;2,76e-05;33,80868002;410,5496649;10,9158567760017;-0,346352090130838
"7";"ARICA";3,61990082;12,30756368;73788;2;"0.73";"0.66";"0.41389999999999999";12,08909914;607278,9152;0,391585246;0,308640873;"0.86699999999999999";0,433821138;0,070088181;32,16051236;2582,719758;13,6541266650211;-0,187768706178648
"8";"AYSEN";3,64518056;10,08409932;7986,333333;1;"0.5";"0.59";"0.34429999999999999";9,754537633;376157,1465;0,460199215;0,396535246;"0.91420000000000001";0,432345361;0,050294253;32,26885928;1341,945156;14,7432379068846;-0,124694227316036
"9";"BUIN";3,55810381;11,47847894;48307;0;"0.46";"0.36";"0.35039999999999999";8,818524971;349570,4217;0,55752746;0;"0.9173";0,527725069;0,013062289;32,05865616;518,1791045;14,1574452396622;-0,158619657323873
"10";"BULNES";2,24300126;9,97548258;0;1;"0.44";"0.38";"0.41049999999999998";10,01084576;387955,704;0,390943941;0;"0.86519999999999997";0,557294928;0;35,18900439;0;6,00149653779069;-0,630960951974874
"11";"CANETE";1,97303598;10,44978649;34537;0;"0.59";"0.52";"0.3427";11,18671883;377725,9308;0,471320792;0;"0.86199999999999999";0,49573055;0,068187741;34,38861136;158,6824275;5,91075323238633;-0,636216233968712
"12";"CABRERO";3,64897718;10,26021749;28573;2;"0.44";"0.67";"0.3538";9,614909782;571566,2267;0,478934641;0,4777072;"0.94520000000000004";0,564685315;0,111958842;32,40262942;0;13,3849510482286;-0,203357666331754
"13";"CALAMA";2,65842023;12,01812127;82865,5;1;"0.49";"0.47";"0.33810000000000001";10,73744031;386963,6909;0,352770055;0,088660298;"0.84850000000000003";0,456548485;0,016768136;31,60237933;407,3828059;8,18534416416545;-0,504486221337386
"14";"CALBUCO";5,1121171;10,43367453;33985;1;"0.56999999999999995";"0.33";"0.52580000000000005";11,34054978;458657,4112;0,401747554;1;"0.93049999999999999";0,424916107;0,098131529;33,88674571;121,2299544;29,6303814628678;0,737475572657675
"15";"CALERA";2,4018823;10,83079735;25277;1;"0.48";"0.57999999999999996";"0.27810000000000001";10,52373832;400726,3361;0,57527879;0,158197434;"0.87290000000000001";0,521481481;0,044506864;33,59114277;87,91478419;6,499925160625;-0,602095098398987
"16";"CALERA DE TANGO";2,96637421;10,14218944;25392;0;"0.52";"0.6";"0.24479999999999999";10,04689308;386052,7722;0,487423323;0;"0.7984";0,613924051;0,027095148;34,16002012;0;9,14417443760382;-0,448956797445531
"17";"CARAHUE";2,53687637;10,10777443;8177,666667;1;"0.41";"0.53";"0.49020000000000002";8,991011692;433088,2929;0,509001176;0;"0.84660000000000002";0,501085776;0,13602087;36,14790664;611,4213508;8,44783661450057;-0,489284308186688
"18";"CARTAGENA";3,38931017;10,03179281;22738;2;"0.65";"0.59";"0.20619999999999999";11,92614502;398691,8311;0,423235041;0;"0.75929999999999997";0,573426573;0,068035887;36,28116546;564,1129387;12,9083879027506;-0,230957208867665
"19";"CASABLANCA";3,22891772;10,19865405;26867;1;"0.28999999999999998";"0.38";"0.41439999999999999";9,518402836;314637,1416;0,404101666;0;"0.78200000000000003";0,571428571;0,175494101;35,88447481;121,6604012;11,9707667250958;-0,285258335215362
"20";"CASTRO";4,27870726;10,6875489;43807;1;"0.14000000000000001";"0.32";"0.41410000000000002";8,138974134;345918,5814;0,292907309;0,19796941;"0.8337";0,463380282;0,22185952;33,97068069;5165,311386;22,9270305621337;0,349259614135751
"21";"CAUQUENES";2,85219798;10,6075994;40441;1;"0.3";"0.39";"0.3977";8,506363148;306513,3552;0,436076353;0;"0.98460000000000003";0,563780093;0,006824757;37,28143926;566,2983358;8,19558764814649;-0,503892983117996
"22";"CERRILLOS";2,97226917;11,30012821;80832;1;"0.39";"0.43";"0.41909999999999997";8,161497326;198833,3892;0,52795107;0;"0.87629999999999997";0,438444924;0,024421021;36,65655209;295,4870472;9,11126559329475;-0,45086267089994
"23";"CERRO NAVIA";4,1245017;11,79525826;132622;1;"0.62";"0.67";"0.55989999999999995";10,60384216;630136,8472;0,601539753;0;"0.96030000000000004";0,491471682;7,54e-06;32,41219633;130,2742456;17,2922472968498;0,0229283778945001
"24";"CHIGUAYANTE";1,89337609;11,36138139;85938;1;"0.49";"0.53";"0.30180000000000001";10,25656818;336800,2451;0,337469319;0,130034863;"0.80249999999999999";0,549836423;0,047883358;34,09028749;838,7837743;9,10671693439371;-0,4511261006385
"25";"CHILLAN";3,21054473;12,1266993;92369,5;6;"0.23";"0.42";"0.38619999999999999";7,93721864;296326,6218;0,271487536;0,226464033;"0.92479999999999996";0,529024698;0,050785162;31,06774237;2004,458983;10,860115381039;-0,349580281433258
"26";"CHILLAN VIEJO";2,88174;10,33873797;30907;1;"0.48";"0.59";"0.28689999999999999";10,68842171;326402,1472;0,434068805;0;"0.84260000000000002";0,604946996;0,006276895;35,7916998;282,4892419;8,43571067558188;-0,489986566366217
"27";"CHIMBARONGO";2,54722137;10,47443885;35399;1;"0.5";"0.32";"0.27889999999999998";10,09175824;304282,2836;0,509523177;0,247473955;"0.9093";0,50921659;0,20045764;35,62390464;0;6,78111297133593;-0,585810467461962
"28";"COIHUECO";2,22569063;10,199175;26881;1;"0.33";"0.48";"0.3226";8,108424087;250140,5924;0,440107882;0,315947067;"0.88429999999999997";0,546039923;0,027342733;34,78019784;418,1075853;5,61278063766937;-0,653472934115296
"29";"COLBUN";2,95390872;9,941024156;10382,5;0;"0.39";"0.55000000000000004";"0.43509999999999999";9,712105473;326680,8185;0,507826732;0;"0.88590000000000002";0,545158666;0,118998314;32,48451701;2853,385456;9,12158033215831;-0,450265306045538
"30";"COLINA";2,34528629;11,8927787;146207;1;"0.59";"0.61";"0.37680000000000002";11,43519461;418281,8633;0,459900426;0,138683199;"0.90090000000000003";0,495397008;0,030880874;35,03116482;297,947718;7,87147098971869;-0,522663783138429
"31";"COLLIPULLI";2,45859873;10,11042042;24598;1;"0.43";"0.34";"0.3322";9,183661778;385196,2969;0,446596554;0;"0.93530000000000002";0,526218384;0,083827953;33,2471893;269,3962924;6,68074788667993;-0,591622982444222
"32";"CONCON";5,18029265;10,64903741;42152;2;"0.78";"0.85";"0.14760000000000001";14,26798259;656455,1961;0,288314403;0,365165671;"0.62219999999999998";0,576565657;0,039974378;31,7955647;1278,923562;28,5068294311765;0,672406499683361
"33";"CONCEPCION";3,87597683;12,31749773;223574;3;"0.38";"0.42";"0.40100000000000002";9,428379525;372287,7269;0,238674281;0,274605233;"0.87680000000000002";0,519233277;0,056388489;33,74456275;4318,155005;18,8937204541845;0,115675639081994
"34";"CONCHALMO";5,5561218;11,75158797;126955;0;"0.38";"0.18";"0.3916";10,48927039;424673,6916;0,535587725;0,394348811;"0.72789999999999999";0,502316858;0,03732031;23,90839946;180,5526289;35,1648071724914;1,05799472994879
"35";"CONSTITUCION";3,93185763;10,73787384;46068;1;"0.48";"0.15";"0.33179999999999998";10,38749704;465914,7032;0,323479475;0;"0.92210000000000003";0,549012934;0,083550404;35,04170764;675,3760962;16,2137982023771;-0,0395286163950251
"36";"COPIAPO";2,84700774;11,94429871;153937;1;"0.56999999999999995";"0.56000000000000005";"0.40820000000000001";11,41624489;481064,8899;0,325915686;0,413027713;"0.88049999999999995";0,460647319;0,14574144;34,44012077;2276,258627;12,3127458689224;-0,265453052293263
"37";"COQUIMBO";3,46555089;12,335916;75910;7;"0.43";"0.53";"0.43540000000000001";10,2653405;421112,3633;0,392172981;0,059275204;"0.84470000000000001";0,479316713;0,045944759;32,89293008;674,2737057;12,4549496099206;-0,257217505260962
"38";"CORONEL";2,62358222;11,66360154;116262;2;"0.45";"0.48";"0.27750000000000002";9,078576608;457553,2481;0,380167754;0,352581916;"0.9224";0,540523593;0,01546507;35,27401308;531,6450517;9,22519525652022;-0,444264580770373
"39";"COYHAIQUE";4,30983721;10,96505542;11563,6;2;"0.49";"0.24";"0.34710000000000002";11,01691086;318636,1769;0,325456929;0,519667736;"0.81040000000000001";0,430486594;0,403801584;32,42438141;4028,360929;22,1298569708419;0,303092329380032
"40";"CURACAVI";4,20194508;10,39142319;32579;0;"0.48";"0.23";"0.62760000000000005";9,356750334;347766,4173;0,621363853;0;"0.94640000000000002";0,55274013;0,010558949;31,33814271;0;21,557487331307;0,269944276781955
"41";"CURANILAHUE";3,89870006;10,38245092;32288;0;"0.3";"0.25";"0.33950000000000002";9,372405372;294526,7563;0,440086531;1;"0.92130000000000001";0,516328332;0,098488603;32,99256254;593,2375496;15,5731430548575;-0,0766313364911917
"42";"CURICO";3,26113823;11,91261392;74568;5;"0.36";"0.4";"0.57210000000000005";8,056316876;279232,5593;0,323720206;0,189045032;"0.82969999999999999";0,545366912;0,053126006;35,50235337;605,1115492;12,7366738742329;-0,240901806302565
"43";"DONIHUE";2,71121245;9,946882235;20887;0;"0.67";"0.74";"0.26019999999999999";11,72573347;508981,0492;0,4060643;0;"0.83430000000000004";0,544029851;0,076650548;35,87912349;968,3147412;7,53227742991319;-0,542307742539381
"44";"EL BOSQUE";7,52722766;11,99846405;162505;1;"0.91";"0.9";"0.3493";15,87547795;1378033,912;0,517585965;0,183856761;"0.71519999999999995";0,490685038;0,013298052;34,38947049;409,0733259;61,0847393388876;2,55911431324537
"45";"EL MONTE";2,94410524;10,48913304;35923;2;"0.39";"0.45";"0.3785";8,093333333;382101,8008;0,55845826;0,290477625;"0.8357";0,547916667;0,045152131;34,90014472;55,23842663;10,2056993592995;-0,38747994488723
"46";"ESTACION CENTRAL";3,89550517;11,89846674;147041;1;"0.52";"0.68";"0.30890000000000001";10,46326694;245794,1281;0,509288575;0,379804619;"0.84350000000000003";0,463402373;0,007725736;37,49775455;2255,972928;17,0430797869997;0,0084981615592029
"47";"FREIRE";2,88298877;10,11074559;8202;2;"0.46";"0.54";"0.21260000000000001";10,62573577;399554,6147;0,367569099;0;"0.82679999999999998";0,52462908;0,34706982;35,55099887;474,2952938;8,90119744934781;-0,463028497672987
"48";"GRANEROS";2,84066895;10,41741835;33437;0;"0.51";"0.41";"0.1618";10,32435789;399120,6475;0,348909263;0,487029951;"0.88149999999999995";0,560165975;0,00924126;35,14922115;485,6345665;8,01650794558195;-0,514264154105822
"49";"HUALPEN";3,06545891;11,42707342;91773;1;"0.43";"0.53";"0.59289999999999998";9,308440681;285224,68;0,371592786;0;"0.91249999999999998";0,565294535;0,010722108;32,30178519;160,5524937;9,54483228383132;-0,42575321283302
"50";"HUALQUI";2,34893353;10,09958873;24333;0;"0.43";"0.61";"0.32469999999999999";10,49148434;452470,9751;0,532899023;0;"0.86519999999999997";0,536483669;0,078946287;36,32123721;0;6,63287244723772;-0,594395627034659
"51";"HUECHURABA";3,50460317;11,49954636;98671;1;"0.39";"0.55000000000000004";"0.25840000000000002";10,06398618;388334,6945;0,584667018;0,695510881;"0.93200000000000005";0,537325847;0,0699699;32,35182088;85,4840632;12,4624938381693;-0,256780590970744
"52";"ILLAPEL";3,2788329;10,3368272;30848;1;"0.41";"0.65";"0.10440000000000001";9,885027512;301038,7849;0,381624176;0,373162228;"0.85229999999999995";0,52253999;0,006126815;37,40887132;0;11,5651201362979;-0,308750836446959
"53";"INDEPENDENCIA";2,62766635;11,51573152;100281;0;"0.56999999999999995";"0.61";"0.23219999999999999";11,14466108;395514,2635;0,460813676;0;"0.83450000000000002";0,460054654;0,035789432;36,36386917;704,3602397;7,16545517811552;-0,563551782154435
"54";"IQUIQUE";4,20456363;12,16247597;63822,66667;2;"0.31";"0.6";"0.5504";9,155552586;270299,4101;0,33093198;0,229323879;"0.83660000000000001";0,425805894;0,050217269;30,18078376;2186,09535;18,1756103447137;0,0740872143372918
"55";"ISLA DE MAIPO";2,52932778;10,49733912;18109,5;0;"0.45";"0.47";"0.42620000000000002";9,852797922;413217,2613;0,596661034;0;"0.91959999999999997";0,515184981;0,261989563;30,49653838;856,0049974;6,76334504949721;-0,586839473836491
"56";"LA CISTERNA";2,41121092;11,4088863;90119;1;"0.62";"0.67";"0.22109999999999999";11,48294202;415234,1322;0,387705538;0;"0.86250000000000004";0,49915215;0,005004494;36,11587986;357,733974;6,437314659789;-0,605721105146287
"57";"LA CRUZ";3,66126739;10,00324239;0;1;"0.28999999999999998";"0.48";"0.54290000000000005";8,193083573;224429,5788;0,501629195;0;"0.96160000000000001";0,568329718;0;39,41288939;0;15,7237391276905;-0,0679097583386741
"58";"LA FLORIDA";6,61161407;12,81288822;366916;2;"0.55000000000000004";"0.47";"0.36220000000000002";10,72564946;428331,1405;0,405891566;0,415397575;"0.87180000000000002";0,535488467;0,00883581;35,28897426;814,976823;48,8609118384249;1,85118704221752
"59";"LA GRANJA";2,93749987;11,66625581;116571;4;"0.49";"0.61";"0.31719999999999998";10,096651;305107,9311;0,55406985;0;"0.82450000000000001";0,472772898;0,011203473;35,73985914;81,56326187;8,96801847937039;-0,45915864353529
"60";"LA LIGUA";3,29824172;10,47418457;17695;1;"0.35";"0.49";"0.26469999999999999";9,239659268;345017,5337;0,585905436;0,598328863;"0.88249999999999995";0,564802183;0,10189319;33,48066702;443,0668805;11,1208367099809;-0,334480940503455
"61";"LA PINTANA";3,80082916;12,08579588;177335;1;"0.56999999999999995";"0.45";"0.32379999999999998";11,27476029;494797,5594;0,646572073;0,442347462;"0.87139999999999995";0,424079437;0,040550371;35,77788987;13,96381989;15,3750523584567;-0,0881035047718471
"62";"LA REINA";7,78406546;11,43806182;92787;3;"0.39";"0.59";"0.48089999999999999";9,119936458;334670,7127;0,028312695;0,54664219;"0.83850000000000002";0,611152306;0,061657344;28,83414899;11690,34691;71,458458472756;3,15989493425551
"63";"LA SERENA";3,80189727;12,30616229;55263,5;4;"0.65";"0.76";"0.28639999999999999";12,00239101;420051,8064;0,34319638;0,200151312;"0.80730000000000002";0,506651396;0,334402454;34,44574661;1189,953255;15,3182233698597;-0,0913946826628347
"64";"LA UNION";1,73326398;10,54628836;38036;0;"0.32";"0.43";"0.41620000000000001";9,100315342;327041,6348;0,433738907;0;"0.89080000000000004";0,526809149;0,118939952;32,09212786;706,1576664;8,88717210997539;-0,463840757190457
"65";"LAJA";2,59958353;10,01632505;22389;1;"0.4";"0.45";"0.46479999999999999";8,929887164;360186,3238;0,522328303;0;"0.86680000000000001";0,521825397;0,102193041;31,57948763;198,5101612;6,85867774003592;-0,581318403496595
"66";"LAMPA";1,617202;11,53306137;102034;0;"0.45";"0.46";"0.40189999999999998";9,709603876;325127,2992;0,405066869;0,180077646;"0.8468";0,507201002;0,029627379;33,84541199;778,2098516;13,5824311813865;-0,191920858037184
"67";"LAS CABRAS";2,5074029;10,11212642;24640;0;"0.28000000000000003";"0.32";"0.26250000000000001";8,937992832;373112,8284;0,515239207;0,151636746;"0.87150000000000005";0,534368071;0,100162338;32,11662107;0;6,81385124461476;-0,583914472409711
"68";"LAS CONDES";4,9565169;12,59418133;32759,77778;3;"0.3";"0.37";"0.3957";8,493056492;353624,0437;0,180301367;0,202756834;"0.95209999999999995";0,605375214;0,085396048;30,94481364;4023,804522;26,8411468080135;0,575940629744534
"69";"LAUTARO";3,25159448;10,54568349;38013;1;"0.53";"0.69";"0.32100000000000001";11,34628564;302979,1927;0,334596902;0;"0.85970000000000002";0,512449799;0,025675427;36,59583533;0;12,5593847199951;-0,251169279983592
"70";"LEBU";2,42528731;10,1472961;25522;0;"0.59";"0.65";"0.247";11,57231514;445995,0864;0,434007813;0,410500432;"0.86970000000000003";0,517262639;0,249980409;34,3149193;1897,854909;7,29569501502985;-0,5560091092623
"71";"LIMACHE";2,63704495;10,73902366;46121;2;"0.25";"0.2";"0.30259999999999998";8,285022674;362965,8471;0,478023922;0,297949099;"0.89159999999999995";0,493383743;0,038897682;33,93317121;668,1226556;8,48726978265573;-0,487000586895709
"72";"LINARES";2,44152585;11,44680703;93602;2;"0.45";"0.66";"0.34620000000000001";10,0385922;328126,2287;0,364531508;0,144195075;"0.96140000000000003";0,541221629;0,116578706;34,35161951;470,3899596;6,95869920716532;-0,575525788682091
"73";"LLAILLAY";3,44287862;10,11082687;24608;0;"0.72";"0.53";"0.24779999999999999";12,39865571;465424,8661;0,387710558;0;"0.81579999999999997";0,57180675;0,140848505;37,8721688;118,1388166;13,1312368633366;-0,218051197512954
"74";"LO BARNECHEA";3,85196903;11,56961766;105833;2;"0.69";"0.7";"0.51639999999999997";11,53937344;608178,1082;0,268293874;0,101697432;"0.90659999999999996";0,60403397;0,009448849;33,4507544;1399,771272;15,0803691774826;-0,105169702746004
"75";"LO ESPEJO";3,31293165;11,50089337;98804;0;"0.27";"0.26";"0.58640000000000003";8,058076225;283141,6829;0,551999181;0;"0.91110000000000002";0,467457253;0,013724141;35,40571788;0;11,2382996548011;-0,327678224908003
"76";"LO PRADO";2,24443746;11,47469386;96249;1;"0.37";"0.35";"0.40029999999999999";8,785114046;301827,6556;0,527946461;0,537938979;"0.87009999999999998";0,520637219;0,025911958;33,09204732;482,1837006;9,71319636227536;-0,416002623454406
"77";"LONCOCHE";4,62707753;10,06951034;23612;0;"0.53";"0.71";"0.4824";11,82224131;310287,948;0,469164475;0;"0.9254";0,479249574;0,549932238;32,80513901;311,7619431;31,4959224210514;0,845515981397704
"78";"LONGAVI";3,29649937;10,3265961;30534;0;"0.4";"0.45";"0.28149999999999997";11,09582453;447176,0975;0,529009338;0,480433899;"0.90380000000000005";0,560675883;3,28e-05;31,69905473;39,30045196;11,7624770731328;-0,29732116290922
"79";"LOS ALAMOS";4,38526598;9,953942996;21035;0;"0.22";"0.25";"0.36180000000000001";7,664086126;238046,8661;0,513928842;0,645532568;"0.89470000000000005";0,556231003;0,523746137;35,98136984;0;23,4184698358855;0,377720688535718
"80";"LOS ANGELES";4,34090515;12,21766025;101165,5;2;"0.53";"0.63";"0.34570000000000001";9,613844252;433418,4796;0,409724338;0,470572036;"0.92120000000000002";0,496896613;0,409927297;32,31811326;226,0136212;19,6773793606091;0,161060238220099
"81";"LOS ANDES";2,29864322;11,10808016;66708;2;"0.66";"0.6";"0.2606";11,71653555;472125,3596;0,362850744;0,389407367;"0.88029999999999997";0,503658844;0,100377766;34,73428629;360,8082839;7,65296943454097;-0,535318020092153
"82";"LOS VILOS";2,52715215;9,970304726;21382;0;"0.27";"0.36";"0.26369999999999999";9,110611867;367051,0076;0,413980181;0,424676485;"0.90410000000000001";0,530110935;0,040454588;34,45210659;103,9295669;7,30163963154951;-0,55566483443104
"83";"LOTA";2,56000662;10,68132049;43535;1;"0.33";"0.45";"0.35909999999999997";9,454209066;276239,5538;0,442228639;0,569232231;"0.90980000000000005";0,555464927;0,023590215;35,30568308;665,9617319;7,2841681965775;-0,556676670149452
"84";"MACHALI";3,32923288;10,86866368;52505;1;"0.45";"0.54";"0.26300000000000001";10,16363985;368731,4361;0,19808062;0;"0.90600000000000003";0,530125899;0,051614132;37,09729573;1344,150271;11,406868350282;-0,317915785396487
"85";"MACUL";3,92147698;11,66593835;0;0;"0.43";"0.49";"0.48470000000000002";9,296669667;346345,733;0,462038904;0,102485328;"0.89";0,556810887;0;35,46849235;1545,304888;16,3116306489931;-0,033862775892269
"86";"MAIPU";3,57866755;13,16470805;173875,6667;2;"0.37";"0.5";"0.50329999999999997";9,118177577;253343,3526;0,426136082;0,134770164;"0.83299999999999996";0,514429157;0,041102167;33,43331619;351,1151532;13,3493156483289;-0,205421444751568
"87";"MARIQUINA";2,41434871;9,965428954;21278;0;"0.27";"0.36";"0.29599999999999999";8,147829918;290710,5821;0,466325086;0;"0.9234";0,529874214;0,142165617;36,99260834;0;5,9613077387746;-0,633288434656732
"88";"MAULE";2,48870245;10,81418266;49721;0;"0.39";"0.4";"0.3175";9,584352237;299026,8336;0,480089139;0;"0.88360000000000005";0,589782119;0,025703425;33,99167562;89,38766316;6,24943051679247;-0,616602173994478
"89";"MELIPILLA";3,07763075;11,72502425;61813,5;1;"0.39";"0.35";"0.38059999999999999";9,796364904;287443,0905;0,520947917;0,442157807;"0.82020000000000004";0,510269953;0,044593819;34,67484683;322,2979446;9,95598108550672;-0,401942058008933
"90";"MOLINA";4,09521241;10,7358748;45976;2;"0.28000000000000003";"0.65";"0.52049999999999996";7,264354818;290662,6996;0,415760104;0;"0.91649999999999998";0,581512003;0,125282756;32,98537109;361,5818471;18,37328875124;0,0855355053793571
"91";"MONTE PATRIA";2,38054933;10,33367779;30751;1;"0.53";"0.45";"0.34920000000000001";9,850534887;403998,765;0,470455169;0;"0.91";0,508407517;0,06263211;33,63259565;268,881012;5,70108451935176;-0,648358928213445
"92";"MOSTAZAL";5,79006977;10,14025784;12671,5;1;"0.87";"0.92";"0.4758";14,38109764;1101964,833;0,410554221;0;"0.72840000000000005";0,584406295;0,171013692;34,14254067;767,6572229;34,4453478094955;1,01632816491899
"93";"MULCHEN";1,83974295;10,29644139;29627;1;"0.45";"0.42";"0.29759999999999998";9,738438711;365847,5446;0,512276887;0;"0.9012";0,528223718;0,094947177;33,6077343;105,1067607;6,36847581934256;-0,609707818183274
"94";"NACIMIENTO";2,50895636;10,1778944;26315;0;"0.36";"0.41";"0.3095";8,483798492;262442,1987;0,453489957;0;"0.91439999999999999";0,513068182;0,244727342;38,21054442;0;6,48547485942708;-0,602931969034816
"95";"NATALES";4,1668778;9,974737874;10738,5;3;"0.55000000000000004";"0.57999999999999996";"0.41660000000000003";10,56452185;411677,1363;0,500471976;0,191071677;"0.85780000000000001";0,386698058;0,303580575;35,51766342;2783,922801;20,4258574453604;0,204407385252572
"96";"NOGALES";2,96136273;10,00423746;11060;3;"0.39";"0.54";"0.3463";8,653549659;279593,2848;0,493236013;0;"0.9194";0,573426573;0,112115732;35,74657273;0;9,02739627305523;-0,455719854870989
"97";"NUEVA IMPERIAL";3,30607468;10,38930301;32510;1;"0.32";"0.31";"0.38319999999999999";9,113875744;329168,2909;0,431096693;0;"0.69830000000000003";0,555707763;0,173146724;35,42645293;165,8718548;14,6567554605737;-0,129702747127557
"98";"OSORNO";2,91822134;11,99201271;80730;3;"0.22";"0.5";"0.42480000000000001";8,161419368;280015,4161;0,347350709;0,211710046;"0.84140000000000004";0,498098859;0,018648582;32,75533588;723,4491515;9,35039318639928;-0,437013903449029
"99";"OVALLE";3,20975497;11,61973293;111272;1;"0.48";"0.62";"0.25480000000000003";9,459040251;411259,7131;0,321908554;0,357224706;"0.9093";0,492652868;0,052232368;31,3715671;2193,074645;10,5169736417731;-0,369452894577141
"100";"PADRE HURTADO";3,91249396;11,05485041;63250;0;"0.43";"0.27";"0.4284";8,339311395;293777,9062;0,591523566;0,308629031;"0.80889999999999995";0,540671642;0,043588933;32,19414119;1296,23698;18,4451847521028;0,089699269935649
"101";"PADRE LAS CASAS";3,42218602;11,24014514;38063;1;"0.48";"0.57999999999999996";"0.21920000000000001";10,70830443;432391,4053;0,386439134;0;"0.70730000000000004";0,482160804;0,084938129;33,10733122;673,6799254;12,3943044240007;-0,260729693318887
"102";"PAILLACO";2,7901252;9,912843647;20188;1;"0.31";"0.37";"0.49509999999999998";8,569811835;279193,012;0,490767175;0,359836577;"0.90800000000000003";0,522079772;0,314741431;36,40606226;626,2052705;9,34563643159297;-0,437289384794692
"103";"PAINE";1,57879717;11,19490789;72759;2;"0.43";"0.55000000000000004";"0.40989999999999999";9,8232595;326629,3406;0,479929143;0,40370593;"0.89129999999999998";0,52991453;0,02656716;33,17304707;261,7916684;14,4162155079385;-0,143633309566837
"104";"PANGUIPULLI";4,83230547;10,4498444;34539;1;"0.24";"0.26";"0.65969999999999995";7,778698513;257774,9173;0,476420097;0,150941076;"0.89749999999999996";0,453032105;0,029097542;42,04048808;1943,238658;26,9494804573254;0,582214633915075
"105";"PARRAL";4,70193209;10,63674447;41637;0;"0.27";"0.43";"0.69169999999999998";8,189208211;277847,8772;0,405686673;0;"0.73809999999999998";0,555397727;0,191512357;32,05160235;452,842688;24,9469063738976;0,466238127713683
"106";"PENAFLOR";3,82113889;11,40979579;45100,5;1;"0.37";"0.67";"0.28310000000000002";8,61017735;275708,4554;0,54512414;0,254832075;"0.76529999999999998";0,523042414;0,04761588;32,73751659;418,139555;15,8482416505587;-0,0606993546212798
"107";"PENALOLEN";3,73559319;12,39503461;60399,75;1;"0.39";"0.54";"0.30380000000000001";8,315260059;316916,9521;0,356914092;0,298170659;"0.89659999999999995";0,512732942;0,069627772;39,78817032;1508,55422;15,3151208509811;-0,0915743610592264
"108";"PEDRO AGUIRRE CERDA";3,01117497;11,52459709;101174;1;"0.54";"0.54";"0.49509999999999998";9,891557032;376887,46;0,53339054;0;"0.81200000000000006";0,532922087;0,011060154;31,14128179;253,0440133;9,50688056270763;-0,427951138021745
"109";"PENCO";3,44186406;10,76568106;47367;0;"0.34";"0.18";"0.4748";9,466713839;337702,3389;0,458723933;0;"0.91539999999999999";0,578184111;0,089408238;34,20481231;379,2840163;12,328469541817;-0,26454243597097
"110";"PIRQUE";3,05041116;10,18569215;26521;0;"0.41";"0.59";"0.4526";10,78924495;478474,8459;0,400484317;0,271920168;"0.79400000000000004";0,56;0,05780325;31,06214807;1472,201689;9,96145304524508;-0,401625156488145
"111";"PITRUFQUEN";3,63531599;10,12008976;12418,5;1;"0.33";"0.26";"0.37680000000000002";9,814575248;369540,0951;0,307874016;0;"0.88329999999999997";0,490601504;0,274389016;34,38437973;0;13,8248451216522;-0,177881766010984
"112";"PROVIDENCIA";11,2854368;11,86413852;17759,875;10;"0.32";"0.56000000000000005";"0.496";8,768906587;368350,8554;0,227581504;0,079677791;"0.93240000000000001";0,530530452;2,698618374;36,01235963;21973,55523;134,64811982174;6,81944301886869
"113";"PUCON";3,55753808;10,25846606;28523;1;"0.36";"0.31";"0.31590000000000001";9,799219826;343950,4032;0,37508662;0;"0.91830000000000001";0,411895497;0,300248922;33,8351137;1967,631308;13,2066387752422;-0,213684392621144
"114";"PUDAHUEL";4,50501375;12,34710769;76764,33333;0;"0.28999999999999998";"0.43";"0.31119999999999998";8,226458931;301406,1943;0,529388768;0,321189082;"0.9819";0,489500174;0,134671918;39,4888807;191,3008487;22,8480008436613;0,3446827094857
"115";"PUENTE ALTO";4,17055891;13,2500633;189368,6667;1;"0.62";"0.46";"0.19120000000000001";11,21696125;394037,5984;0,488289021;0,20245744;"0.80669999999999997";0,443295334;0,113221828;34,81094776;235,5116334;18,537561049918;0,0950491245877613
"116";"PUERTO MONTT";3,39264023;12,41268836;81967,33333;6;"0.48";"0.54";"0.38250000000000001";9,339039205;337102,7314;0,313290828;0,249694275;"0.86739999999999995";0,455858488;0,113581833;32,41615794;838,1655904;11,8668012479285;-0,291279362306048
"117";"PUERTO VARAS";4,37792368;10,70499574;44578;1;"0.62";"0.28999999999999998";"0.2";10,10614159;347347,9011;0,29650597;0;"0.83540000000000003";0,515070584;0,1126789;34,72953424;2236,21171;22,2469656674973;0,309874529147964
"118";"PUNTA ARENAS";3,77150096;11,78746151;18798,85714;3;"0.53";"0.47";"0.57099999999999995";9,771757679;324886,2992;0,362403468;0,364727911;"0.88329999999999997";0,435386603;0,217870387;33,52886693;3752,625553;16,0729891051323;-0,0476833944254445
"119";"PURRANQUE";2,09172617;9,921769416;20369;1;"0.54";"0.46";"0.39960000000000001";10,92714667;445190,5587;0,466966113;0;"0.86739999999999995";0,532183145;0,06293878;32,19825527;0;6,41077339982893;-0,607258208130803
"120";"QUELLON";4,59592355;10,21067809;27192;1;"0.42";"0.44";"0.46039999999999998";11,21891117;523272,1585;0,424495757;0,504552979;"0.95420000000000005";0,420026008;0,053692262;20,45633333;646,6355546;40,6125885714761;1,3734959932637
"121";"QUILICURA";4,75425766;12,25681329;210410;0;"0.2";"0.21";"0.13789999999999999";8,542957746;349508,8834;0,470180703;0,313249247;"0.91059999999999997";0,501333952;0,025269712;29,22389127;165,9037299;26,0100651662343;0,527809603791833
"122";"QUILLOTA";2,76155447;11,41329296;90517;3;"0.28999999999999998";"0.45";"0.27760000000000001";9,153079179;303846,3093;0,469827979;0,219427496;"0.87990000000000002";0,499450549;0,079664593;29,12194488;357,2493123;8,45281727122745;-0,488995859848845
"123";"QUILPUE";3,32586951;11,9297129;151708;1;"0.3";"0.55000000000000004";"0.4002";9,657090384;325603,0198;0,326363871;0,332838992;"0.82889999999999997";0,492764579;0,01690748;35,51582238;1438,41289;12,4447825165107;-0,257806319418533
"124";"QUINTA NORMAL";2,90455314;11,60847198;110026;1;"0.56999999999999995";"0.82";"0.26819999999999999";11,03371293;434712,8996;0,499523022;0,271506426;"0.88139999999999996";0,483687943;0,037045789;32,26132244;812,9743842;8,62934881255;-0,478772262346829
"125";"QUINTERO";2,80845175;10,37108203;31923;1;"0.62";"0.64";"0.33589999999999998";11,49508686;542818,5838;0,408228603;0;"0.90910000000000002";0,510331872;0,101682173;37,14244353;2291,969668;8,64876408498682;-0,477647851778049
"126";"RANCAGUA";11,707973;12,39575868;120887;6;"-";"-";"-";0;0;0,32142629;0,284269226;"-";0,528350332;0,042258473;80;1114,023531;146,118356667486;7,48372705494042
"127";"RECOLETA";3,45373829;11,96940683;157851;5;"0.39";"0.4";"0.33650000000000002";9,241175019;309257,2917;0,464731985;0,718724555;"0.93420000000000003";0,484695817;0,04924264;31,97333313;2022,918316;12,9699797151714;-0,227390198151665
"128";"RENCA";3,49305289;11,89921455;147151;0;"0.34";"0.55000000000000004";"0.56920000000000004";9,069953312;202415,8454;0,486473678;0,253975091;"0.94330000000000003";0,47635892;0,026197579;33,50548927;338,835664;12,7388397747275;-0,240776370957018
"129";"RENGO";2,53003593;10,98232221;29412,5;2;"0.63";"0.64";"0.4027";11,01656699;497608,8793;0,394143256;0,407080963;"0.90969999999999995";0,552114354;0,151568211;33,41686554;3037,40578;9,99681721338102;-0,399577086107595
"130";"REQUINOA";2,6263384;10,23881628;27968;1;"0.31";"0.45";"0.29709999999999998";9,540122263;335980,6603;0,390204396;0;"0.90459999999999996";0,550967742;0,234911327;34,49175208;78,66132723;6,83634335606488;-0,58261187066096
"131";"RIO BUENO";5,57944693;10,35367105;31372;0;"0.89";"0.89";"0.38929999999999998";14,94774293;1145595,593;0,45832532;0,19253065;"0.76370000000000005";0,514614703;0,09887798;34,34273561;426,9331251;31,449113015732;0,84280507480442
"132";"SALAMANCA";2,5533609;10,28694561;29347;2;"0.41";"0.55000000000000004";"0.20930000000000001";9,881485899;367902,0055;0,42347777;0;"0.91410000000000002";0,512;0,052441476;33,04679153;202,6319556;7,63087569556845;-0,536597550610481
"133";"SAN ANTONIO";3,20553863;11,42245356;91350;5;"0.65";"0.57999999999999996";"0.35909999999999997";11,69756489;481624,2908;0,511169384;0,311947084;"0.89349999999999996";0,531926029;0,081149425;35,55577836;476,8887356;10,9777122692958;-0,342769808675699
"134";"SAN BERNARDO";5,20978881;12,61590487;301313;1;"0.61";"0.71";"0.2107";11,10151864;480308,4361;0,540642299;0,102378802;"0.82569999999999999";0,463252786;0,01127731;34,87531946;169,7781908;29,146719401028;0,709464905497571
"135";"SAN CARLOS";3,0004541;10,87849992;26512;1;"0.28999999999999998";"0.41";"0.57179999999999997";8,55108019;233361,1546;0,362011424;0,557410555;"0.92410000000000003";0,530367836;0,042490193;33,43211581;150,613873;9,14455768495628;-0,448934602167305
"136";"SAN CLEMENTE";2,10450762;10,67519172;43269;0;"0.42";"0.56999999999999995";"0.46110000000000001";9,947224015;341952,4065;0,496773525;0;"0.86890000000000001";0,551879699;0,019482771;31,13236837;227,216714;6,722021664084;-0,589232664632426
"137";"SAN FELIPE";1,83856772;11,24953267;38422;2;"0.28999999999999998";"0.31";"0.34389999999999998";7,866712452;253920,003;0,389590359;0,356827718;"0.89929999999999999";0,516810541;0,115714955;35,134015;985,9253423;10,4647075811046;-0,372479816357163
"138";"SAN FERNANDO";2,56658674;11,21145544;73973;2;"0.49";"0.55000000000000004";"0.56759999999999999";9,622109667;311586,0095;0,410834641;0,313761807;"0.87980000000000003";0,528669471;0,077474214;32,69553401;696,929262;7,94047275063719;-0,518667634771536
"139";"SAN JAVIER";4,08876924;10,72650004;45547;2;"0.34";"0.54";"0.38669999999999999";8,910141941;195918,3821;0,413312981;1;"0.88429999999999997";0,549859551;0,003446989;33,08478159;0;18,2278079508109;0,0771101716587397
"140";"SAN JOAQUIN";2,94120172;11,45627045;94492;1;"0.54";"0.49";"0.26650000000000001";11,39872097;340712,8585;0,513150878;0;"0.86380000000000001";0,501380368;1,06e-05;34,89372723;566,474019;8,77891837199985;-0,470110133398579
"141";"SAN MIGUEL";2,91301659;11,58946049;107954;2;"0.7";"0.61";"0.28849999999999998";12,37661902;501776,6212;0,329687277;0,538514342;"0.78180000000000005";0,494139836;0,067408341;35,86419544;808,6172629;11,2060506836334;-0,329545882656886
"142";"SAN PEDRO DE LA PAZ";3,95066684;11,7891016;131808;2;"0.49";"0.54";"0.13730000000000001";9,999803695;360358,3603;0,229855399;0,656979645;"0.91679999999999995";0,571506451;7,59e-06;37,06715136;378,6218636;16,136114552598;-0,0440275652054124
"143";"SAN RAMON";3,92010912;11,32539034;82900;2;"0.3";"0.45";"0.20050000000000001";8,398860399;496181,8497;0,567544751;0,258264344;"0.87849999999999995";0,518164735;0,001917973;39,88465784;342,49;17,5923000293295;0,0403055465481609
"144";"SAN VICENTE";3,52612834;10,75291172;23383;0;"0.31";"0.53";"0.41699999999999998";8,636213737;299542,6954;0,38450865;0,811401267;"0.84530000000000005";0,55128657;0,175512124;33,076428;661,6929607;13,0810900579442;-0,220955385345351
"145";"SANTA CRUZ";3,67995576;10,54151835;37855;0;"0.19";"0.47";"0.2233";7,368885325;317007,7004;0,392573713;0;"0.84640000000000004";0,514644351;0,159767534;34,66325922;214,6162462;14,5321007594094;-0,136921964055533
"146";"SANTIAGO";5,84619867;12,91039465;134831,6667;13;"0.3";"0.45";"0.29970000000000002";9,11602683;298255,7854;0,190478321;0,379723807;"0.9113";0,441128149;0,853990779;32,51590068;6545,277649;40,0849598472932;1,34293905331894
"147";"TALAGANTE";4,6010002;11,21501796;37118,5;1;"0.31";"0.55000000000000004";"0.45379999999999998";8,186233611;293823,4714;0,349649469;1;"0.98070000000000002";0,561487854;0,034605385;35,79216989;0;23,9717049437889;0,409760589308205
"148";"TALCA";5,18615524;12,30300424;55089,25;11;"0.51";"0.54";"0.40200000000000002";10,48022155;397257,2276;0,252697964;0,187469082;"0.92";0,543305262;0,066487563;33,14979574;1657,763765;30,2352083398217;0,772503344477101
"149";"TALCAHUANO";3,21519516;11,92998312;151749;2;"0.22";"0.23";"0.47199999999999998";8,012231183;308671,6414;0,347485379;0,399764795;"0.93879999999999997";0,494368702;6,59e-06;34,71630094;326,281101;11,1631610043551;-0,332029783350475
"150";"TEMUCO";4,56309261;12,5511329;40345;0;"0.59";"0.52";"0.4108";10,34855965;383531,9198;0,254341278;0,285594884;"0.87070000000000003";0,489427601;0,10458368;33,48222863;1432,962104;23,181641581869;0,364005084355123
"151";"TENO";2,93523534;10,27232325;28921;0;"0.36";"0.32";"0.4415";9,197638828;331224,6565;0,366445009;0;"0.94930000000000003";0,496407186;0,066768092;36,16559422;1587,759794;8,58436170709031;-0,48137763278406
"152";"TOCOPILLA";4,3654365;10,13404356;25186;4;"0.32";"0.18";"0.48780000000000001";9,133828354;400989,017;0,596230295;0,30990218;"0.97009999999999996";0,424494649;0,141507187;30,18808265;1207,218375;20,2409277008972;0,193697416601198
"153";"TOME";4,32056483;10,91410616;54946;1;"0.54";"0.33";"0.4703";10,54340723;479824,9453;0,409115118;0,512901211;"0.78259999999999996";0,522752193;0,054708259;25,26482131;296,2037273;19,3939028617234;0,144643060846721
"154";"VALDIVIA";3,04504894;12,02022488;83040;5;"0.46";"0.4";"0.43659999999999999";10,29885681;367370,3303;0,24725079;0,241061747;"0.79510000000000003";0,526726172;0,118460983;32,7194424;4315,575487;14,4721299996028;-0,140395093591251
"155";"VALLENAR";2,14510901;10,85740157;51917;0;"0.36";"0.33";"0.34429999999999999";9,562230001;391369,722;0,387897957;0,373360155;"0.83609999999999995";0,474947495;0,01985862;35,5296609;543,4325365;10,258467397757;-0,384423951708228
"156";"VALPARAISO";7,07681531;12,60032513;98885;15;"0.28000000000000003";"0.41";"0.40289999999999998";8,973178364;378415,6694;0,346939348;0,189665936;"0.89259999999999995";0,438290079;0,177805869;35,6301242;5530,923795;53,1095111499264;2,09723921500613
"157";"VINA DEL MAR";4,56160918;12,71963851;167124;9;"0.61";"0.52";"0.38579999999999998";11,52947586;398384,9997;0,201896982;0,175295456;"0.85119999999999996";0,487762238;0,001364256;33,3071976;1925,734075;21,3742618581522;0,259333008814673
"158";"VICTORIA";3,41860521;10,43945447;34182;1;"0.48";"0.68";"0.36149999999999999";9,777844604;285355,27;0,4789542;0;"0.89949999999999997";0,471283096;0,380434147;34,33487761;145,3633199;12,6524132719693;-0,24578165086953
"159";"VICUNA";2,37845072;10,23174759;27771;1;"0.56999999999999995";"0.5";"0.2676";10,78193983;384821,5019;0,444652619;0,365563052;"0.9083";0,534246575;0,070217133;33,98900524;1534,841813;6,4155728168377;-0,606980256058475
"160";"VILCUN";3,40476571;10,24533816;9383,666667;0;"0.17";"0.37";"0.35909999999999997";8,69304315;267143,6413;0,523026789;0;"0.88890000000000002";0,51622248;0,215019005;35,43853388;423,7247345;11,9066154005909;-0,288973576786622
"161";"VILLA ALEMANA";3,25306987;11,74837696;63274;3;"0.5";"0.28000000000000003";"0.46779999999999999";10,6129952;316713,8953;0,342842013;0,300460672;"0.95109999999999995";0,510028204;0,019431362;32,23225172;457,6095829;11,0408450236429;-0,339113556287014
"162";"VILLARRICA";3,75662529;10,92374182;27739;1;"0.42";"0.44";"0.1263";10,23961499;428956,2138;0,359216131;0,600530513;"0.85740000000000005";0,455413144;0,121579725;39,84682018;1103,402772;15,2365153251397;-0,0961266991378253
"163";"VITACURA";4,81079959;11,35491401;85384;3;"0.43";"0.72";"0.47710000000000002";9,462174189;429072,6263;0,285886087;0,367623754;"0.89339999999999997";0,674706544;0,166530029;32,58063108;6390,045744;28,4490040074546;0,669057614531807
"164";"YUMBEL";4,39299504;9,961662117;21198;1;"0.73";"0.72";"0.27589999999999998";12,84537382;486749,4461;0,621790586;0;"0.82509999999999994";0,587407904;0,1405793;37,35867916;1078,378762;22,4123426911362;0,319452127083713
